1,AL,57105,58230,59860,60473,61493,61522,60680,60205,61254,61780,63538,65968,67932,67048,65220,64551,65080,64450,63942,65924,65744,65700,65563,64770,63833,63887,65065,66045,67781,69758,68632,65634,63188,62379,62321,62224,61875,62737,62988,63500,62739,60864,60796,59484,58079,59147,59324,61622,65213,68805,64910,62681,61484,62529,64350,67952,68999,68928,70039,69190,68443,67219,67252,65763,63925,61853,59790,57434,55745,51863,51055,50048,50144,49586,35097,34892,34423,33724,28577,25425,23512,22184,20172,17449,16161,15824,14208,12592,10976,9360,7744,6128,4512,2896,1280,5
2,AK,9657,9631,9904,10207,10494,10352,10319,10308,10396,10388,10292,10406,10408,10157,9729,9773,9609,9537,8589,8266,9424,9873,10095,10314,10465,10905,11121,11524,12001,12085,11911,11528,11425,11262,11458,11265,11019,11110,10490,10206,9728,9147,8920,8587,8310,8248,7956,8151,8520,9101,8914,8514,8284,8474,8698,9181,9440,9607,9729,9691,9597,9199,9142,8823,8534,8473,7941,7474,7026,6378,6138,5626,5382,5117,3699,3614,3395,3137,2672,2383,1985,1735,1594,1399,1228,1211,1088,965,842,720,597,474,352,229,106,5
4,AZ,78100,79410,81423,84527,86831,88767,88472,88301,88476,89188,91892,95678,99470,98954,96059,94768,94507,92018,96022,98341,95544,95631,95483,96972,96840,97161,98633,99715,101623,102748,101106,96614,94555,92963,93890,92321,91301,93109,92682,92517,90863,86177,85420,83795,82819,83913,82000,81940,85713,90507,87085,83755,81293,81190,82069,85842,87560,88145,89286,88886,87645,86782,87417,85329,83647,82704,81433,79485,78182,74441,74132,73577,75179,76252,54458,54306,53897,52712,45030,40323,36532,33808,30577,26783,24211,24072,21651,19230,16809,14388,11967,9546,7125,4704,2283,5
5,AR,35611,36058,37065,37596,38592,38630,38044,38005,38647,38747,39906,41101,42597,42562,41137,40638,40738,40220,38921,39417,40197,39836,39859,38904,38540,38243,38595,39233,40212,41362,40687,39023,38159,37651,37809,37796,38200,38718,38716,39023,38407,36824,36530,35430,34631,35216,34755,35402,37156,38890,37139,35609,34829,35546,36322,38836,39882,39804,40073,39555,39003,38466,38228,37280,36395,35577,34674,33462,32416,30380,29696,29274,29416,29518,21058,21185,20864,20189,17520,15913,14529,13384,12105,10635,9810,9868,8887,7906,6925,5944,4963,3982,3001,2020,1039,179
6,CA,445470,448027,461505,479513,486785,495278,490958,494655,496041,503104,506920,519686,539024,535111,522001,517256,518398,512805,519733,511969,504713,502310,508783,525839,543625,559068,576022,590575,611767,631749,626804,608448,595343,582614,580364,573716,566063,570411,561237,551983,539810,514851,507492,498980,493358,495301,484202,488546,504233,530873,524337,504218,489369,485419,489624,505786,508096,504383,500680,497129,488858,471884,466154,447619,433975,422354,400256,383549,364809,344543,336221,321409,316900,312965,235045,230122,218776,210472,182413,165991,153975,143530,132311,119094,110002,115950,104949,93949,82949,71949,60949,49949,38949,27949,18138,16949
8,CO,62235,62397,64059,66244,67766,68376,67991,67893,69049,70541,72845,74414,76259,76288,74775,74363,75007,73438,73738,75273,72387,72140,73446,76074,79294,83361,86916,90545,93302,94136,93406,91208,90205,90622,90712,89022,87382,87441,85699,84960,81990,78275,76652,73944,71984,72190,70088,70525,73629,77543,74483,71097,67243,66131,66601,70242,71835,72347,73920,73699,72618,71534,71031,68730,66987,64896,62677,60846,58546,53775,51752,49570,49189,48561,33585,32660,31468,29991,25514,22460,20417,19102,17197,15259,13961,14341,12945,11549,10153,8757,7361,5965,4569,3173,1777,1162
9,CT,34477,35349,36502,37238,38018,38627,38558,39009,39718,40679,41957,43671,45389,45884,45903,46315,47167,47148,50923,51991,52290,50846,47179,44459,44110,44439,45260,45338,44212,43898,44025,44214,45178,45469,46243,45567,45243,45564,45306,45061,44588,43491,43035,42153,41476,41692,41378,43076,46611,50608,50199,49609,49245,50925,52731,54505,54971,54227,54511,54244,53144,52031,51336,48853,46865,44983,42557,40635,38594,35369,34441,33553,34267,34761,25141,24689,24783,24771,20612,18003,16433,15632,14547,13051,12227,13431,12208,10985,9763,8540,7318,6095,4872,3673,3650,2427
10,DE,10482,10644,10913,11191,11374,11272,11257,11260,11622,11689,11840,12125,12398,12295,12105,12036,12143,12063,12954,12839,12085,11287,11224,11155,11361,11870,12273,12525,12977,13596,13757,13584,13003,12591,12523,12400,12283,12367,12088,12057,11860,11655,11314,10744,10486,10614,10483,10961,11668,12709,12491,12083,12163,12774,13208,13764,14084,14243,14326,14317,14061,14158,14517,14064,13888,13583,13269,12955,12521,11627,11370,11215,11432,11410,7951,7842,7726,7597,6376,5536,4933,4588,4259,3655,3334,3355,3021,2688,2355,2021,1688,1355,1021,688,355,69
11,DC,8886,8598,8542,8475,8408,8157,7617,7677,7462,7014,6578,6321,6186,5909,5438,5157,5100,5119,8672,11852,10162,8524,7792,10120,12384,13990,15077,15463,16284,16819,16906,16657,16312,15438,14850,14145,13472,12832,12122,11335,10736,10009,9145,8405,7786,7640,7288,7433,7579,7852,7428,7103,6877,6742,6888,7289,7230,7257,7107,7103,6877,6608,6537,6314,6182,6012,5887,5520,5288,5068,4909,4714,4545,4347,3284,3270,3143,3011,2704,2357,2246,2048,1916,1721,1549,1718,1563,1408,1253,1098,944,789,634,519,479,324
12,FL,216820,219879,224949,229162,234195,233966,233369,232150,234793,236192,240682,247672,257039,256840,251515,247694,247229,242444,243380,241102,243807,245427,246765,250678,253979,258216,264748,270675,279379,289318,290804,283848,278434,274600,275079,273032,270839,274706,271732,270993,267112,259332,259857,255825,252554,254279,253288,262479,276554,290167,279550,270622,268864,275825,282943,297810,303235,302279,303796,300725,294229,290219,290227,283582,278055,274173,268534,262921,259330,247282,244268,243309,250315,256041,188020,185902,186284,185354,158904,142876,130742,123158,112953,100910,92357,94276,85040,75804,66569,57333,48098,38862,29626,20391,11155,5854
13,GA,124074,125452,129328,132374,135148,136687,135466,136160,138992,140417,144559,149685,155555,155218,151936,149493,150477,148100,148386,151040,146701,143740,141943,141342,141872,144048,147423,150690,152918,154536,153054,149073,145450,143126,143796,143302,141957,144831,144128,145181,144010,139199,137827,134910,133028,135189,134755,139567,146927,154041,146378,139590,136000,137367,139325,143355,142947,140616,139739,136526,132293,129041,126631,123039,118316,113882,108673,104497,100862,94429,92377,90297,90277,88649,63490,62202,60230,58221,49095,43891,39795,36324,32353,28311,26096,25710,23100,20491,17881,15272,12662,10053,7443,4834,2224,5
15,HI,16714,16966,17416,17781,18134,18062,18181,18493,18095,17870,17097,17107,17422,16782,16274,16251,16357,15891,15180,15642,16854,17858,17981,18146,18638,19210,19784,19959,20437,20900,20716,20182,20019,20210,20062,19972,20102,20319,20033,19829,19550,18468,17845,17292,16870,16753,16604,16724,17343,18404,18320,17435,16945,17038,17436,18186,18392,18691,18608,18764,18932,18552,18518,18317,18169,17969,17563,17625,16628,15949,16157,15439,15082,14683,11311,11306,10554,9481,8288,7569,6921,6250,5878,5296,4963,5880,5383,4887,4391,3895,3399,2902,2800,2406,1910,1414
16,ID,21581,21915,22700,23917,24779,25154,24811,25143,25139,25765,26833,27662,28602,28514,27698,27563,27484,26531,25039,23972,22839,23459,24190,24332,24187,23732,24027,24154,24343,24616,24380,23650,23340,23516,23947,24190,24262,24616,24690,24740,24317,23764,23263,22319,21583,21419,20568,20417,21453,22375,21395,20849,19997,20296,20260,20972,21880,22451,23292,23218,22701,22551,22881,22567,22127,21587,21264,20906,20245,18480,17892,17421,17471,17371,12119,12086,11912,11477,9703,8615,7825,7281,6361,5531,5022,5020,4517,4015,3513,3011,2509,2007,1505,1003,501,5
17,IL,141497,143318,148111,151585,155319,155805,153053,153828,155602,157951,162738,166825,172222,172456,169821,169751,172735,170415,166153,165817,165425,163396,163057,164547,167014,170450,173862,176484,178625,179553,177342,173489,172728,172083,174550,174085,172141,174373,173443,173399,171710,164810,163115,158987,155564,155832,153148,156230,165085,173694,166763,161842,159011,161033,163642,169928,171983,172601,174319,174176,171185,168480,167096,160075,154786,150256,142023,136583,131509,122352,117642,113057,112620,111056,79193,77603,77278,76918,66409,58970,53735,51218,47433,42395,39402,41547,37606,33666,29726,25786,21846,17906,13966,10026,6544,6086
18,IN,80250,81440,83599,84421,86580,87295,86646,87109,87142,87506,90126,92584,95438,95031,93112,92358,93818,92299,88591,98606,99102,97121,94016,90119,88785,88805,89496,91061,92850,92197,89707,87183,85468,84823,86067,85707,85187,87340,87225,87772,87051,84360,83221,80590,78942,79755,78173,80690,85465,90427,85449,82271,80424,82372,83824,88437,90392,89696,91388,91164,89272,88412,88393,85063,82258,79871,76676,73709,71364,65395,63328,61501,60435,59771,41711,41458,41073,40720,34945,31344,28309,26937,24681,21734,20043,20718,18713,16709,14705,12701,10697,8692,6688,4684,2680,2061
19,IA,37075,37723,38957,39769,40618,40954,40607,40409,40037,40140,42316,43672,44818,44678,43377,42613,42887,42248,42720,48137,47665,47222,46103,42595,40888,40356,40479,40661,41050,40314,39621,38389,37752,38331,40023,40782,40778,41671,41905,41457,41131,39403,38222,36601,35445,35486,33821,34300,36752,39234,37940,37154,36143,37243,37906,39934,41347,42122,43596,43776,43256,42578,42278,40914,39992,39220,37609,36499,35789,32738,31177,29849,29533,29229,20324,20059,20134,19900,17260,15932,14816,14196,13081,11967,11362,12038,10901,9765,8629,7493,6357,5221,4085,2949,2065,1813
20,KS,35362,35876,36824,37708,38688,38829,39014,39248,39384,39929,41211,41830,42752,42427,41420,40783,41334,40826,39633,42735,44339,43239,42223,41263,39410,39089,38436,38704,38787,37724,37227,37038,36837,37412,38446,38944,38786,39288,39081,38789,37874,36012,35154,34160,33032,32842,31595,31784,33679,35532,34193,33037,31889,32679,33666,35794,37141,37872,38883,38842,38112,37824,37529,36648,35573,34639,33252,31870,30863,28320,27054,25938,25787,25578,17773,17825,17811,17205,14705,13418,12261,11662,10952,9811,9263,9931,9004,8078,7152,6226,5300,4373,3447,2521,2040,1595
21,KY,52581,53404,54433,54863,55842,56067,55921,55994,55568,55585,57014,59079,60590,60590,58959,58635,59089,58324,57523,59116,59660,59501,59349,59248,58739,58952,58775,59623,61317,62474,60990,57996,55760,54909,55044,55144,55456,57117,57056,58125,57676,56317,55995,54581,53327,53697,53110,54729,58549,61298,57840,56594,55654,56787,58015,61483,62504,62003,62607,61614,60761,60400,60152,57997,56317,55152,52972,50845,49802,46006,44718,43857,43455,43175,29780,29440,29118,28234,24223,21923,20020,18850,17022,14475,13425,13508,12165,10823,9480,8138,6796,5453,4111,2768,1426,255
22,LA,56953,57597,59434,60554,61864,61562,61040,59831,59686,60018,61435,63685,65602,64929,62412,61347,61254,60555,58098,57366,59231,60089,60489,60549,59852,60637,62201,63631,65911,68034,66917,65275,63626,63298,64354,64025,63817,64522,63702,63223,61093,58460,56900,55181,52711,51793,51119,52551,55301,57750,55653,55061,54474,55799,57246,60303,61477,61667,62493,62133,61911,61063,60163,58845,57710,56009,53135,50673,48989,45798,43875,42191,41930,41429,29272,29065,28241,27385,23579,21289,19549,18155,16687,14555,13406,13509,12168,10828,9487,8147,6806,5466,4125,2785,1444,316
23,ME,12352,12616,12558,13008,13369,13485,13552,13595,13595,13760,14534,14891,15439,15510,15408,15444,15854,15794,16127,16189,15443,14943,14739,14510,14813,15149,15701,16084,16354,16681,16693,16813,16697,16598,16878,16448,16228,16443,16385,16390,16228,15794,15669,15099,14913,15309,15363,16072,17521,18767,18176,18031,18072,18820,19162,20129,21118,21566,22193,22011,21615,21945,22147,21436,20829,20381,20188,19579,18960,17445,17002,16792,16923,16522,11192,11133,11272,10877,9141,8016,7198,6875,6277,5592,5207,5367,4846,4325,3805,3284,2764,2243,1722,1202,681,490
24,MD,70621,71678,73232,74134,75454,75699,74775,75064,76090,76971,78291,79595,82206,81303,79205,78482,79043,78095,80222,77594,76098,74532,72859,73426,74864,77171,79348,81392,82020,84523,85904,84990,85562,85714,85959,85175,84699,85402,84617,84774,82719,79326,77849,75817,73992,73793,72493,75325,80454,85986,83727,82489,81945,83461,85484,88899,89921,88636,88238,86867,84820,83253,81077,77163,73949,71349,67403,65131,62112,58137,55949,54778,54970,54273,38820,38312,37339,36863,31648,27940,25286,23640,21663,18979,17543,18626,16871,15117,13363,11609,9855,8100,6346,4592,3304,2838
25,MA,69686,70150,71790,72862,73640,74353,74208,74932,75606,76522,77648,79605,82226,82391,81799,82718,85359,85784,100599,110384,104225,99499,94725,91896,95232,97730,99874,100911,100358,100636,101944,101429,100981,99959,98794,96001,93364,93255,91220,89566,87722,85676,84203,81649,80925,81696,81210,83678,88948,95580,93765,93080,92917,95340,97332,100798,101677,100701,101012,99730,97507,96239,95180,90821,87663,84979,80916,77984,74819,69327,67243,65851,66025,65771,46372,45594,44831,44371,37172,32810,29852,28437,26305,24042,22359,24119,21883,19647,17411,15175,12940,10704,8468,6232,5368,3996
26,MI,108323,109901,112808,115472,117570,118300,117996,117557,118274,119255,122867,125740,129529,130352,128725,129089,131942,130535,133232,131021,133861,136538,135780,134331,132187,132534,133480,134812,137738,140952,136392,127990,123755,120995,122818,121807,120737,122998,122864,123215,121722,119123,117512,113799,112032,113301,113556,117986,127265,136648,131712,128448,127118,130298,132323,138305,142404,143019,145511,144698,142633,143196,144049,139338,134471,130222,125336,120951,117833,108086,103492,100326,99576,98404,68457,67631,67933,67926,57935,50433,45429,42950,39186,34760,32433,33575,30331,27088,23845,20602,17359,14115,10872,7629,4386,3485
27,MN,66563,67588,69395,71828,73146,73704,73466,73158,72982,73186,75600,77250,79288,78766,76963,76445,77240,74953,71483,72144,71154,70624,70523,69882,70800,72253,74094,75268,75732,75054,75516,75861,76618,77870,79476,79805,79284,80450,80199,79398,76696,73180,70483,67068,65091,64535,62217,63077,67343,72673,70696,69053,67464,68950,71152,75046,77510,78849,80489,80273,78842,77253,76102,72919,70105,67795,65178,62930,61097,55682,53147,50545,49802,49084,34469,34475,34247,33932,29090,26333,24100,22943,20934,19124,17743,18829,17054,15280,13506,11732,9958,8183,6409,4635,3315,2861
28,MS,35138,35604,36362,36532,37117,37234,37051,37107,37854,38127,39746,42124,43857,44099,41919,40980,41154,40250,39486,41024,40452,39900,39872,39032,38401,38334,38915,39457,40201,40409,39842,38111,36263,35888,36514,36776,36686,37918,38111,38643,37820,36455,36083,35303,34587,34392,34026,35251,37233,39041,37048,35792,35340,35555,36483,38443,39184,39355,39923,39570,39169,38423,38065,37462,36294,35583,33924,32210,31412,29588,28647,27751,27673,27502,19327,19032,18647,18158,15610,14268,13033,12310,11261,9744,8982,8824,7925,7027,6129,5231,4333,3435,2537,1639,741,5
29,MO,71337,72301,73340,74463,75522,76041,75703,75341,75826,76529,78326,80745,83219,82707,81236,80003,80737,79295,76531,80340,80588,80585,80097,79292,79050,79183,80476,82296,84723,84744,82779,80611,78801,79501,80995,80396,79688,81391,80244,80234,78601,75258,73801,71089,68998,69317,67892,69967,74823,79493,75510,73273,71763,73853,75586,80747,83892,85320,87570,86945,85230,83709,83314,81012,77904,75049,72327,69472,67439,62540,60195,58551,58509,58324,40909,41168,41175,40422,34847,31355,28259,26819,24403,21704,20287,21014,18985,16956,14928,12899,10871,8842,6813,4785,2756,2220
30,MT,11331,11463,11970,12538,12940,13131,12973,12943,12979,12995,13333,13794,14215,14076,13546,13264,13523,13104,12687,13576,13866,14409,14625,14615,14210,13853,13994,14253,14488,14145,14054,13711,13573,13394,13677,13935,14065,14408,14177,14012,13736,13281,13049,12544,11934,11585,11368,11428,11928,12888,12279,11943,11708,11859,12301,13410,14116,14562,15262,15450,15431,15648,15893,15678,15451,15154,15006,14710,14299,13092,12593,12051,11864,11647,8144,7993,7836,7645,6511,5962,5272,4926,4412,3967,3611,3694,3333,2972,2611,2250,1889,1528,1167,806,445,255
31,NE,25128,25363,25968,26735,27094,27454,27070,26749,26585,26705,27616,28375,28714,28299,27800,27570,27610,27084,26384,28469,28524,27815,26646,26381,25910,25723,25754,25931,26036,25048,24831,24592,25086,25568,26026,26422,26378,27042,26775,26567,25647,24204,23640,22697,22023,22213,21174,21247,22625,23388,22444,21729,21018,21408,22081,23514,24469,24908,25658,25502,25185,24838,24498,23752,23267,22491,21651,20887,20507,18840,18060,17398,16869,16574,11548,11619,11640,11112,9586,8652,8063,7838,7256,6674,6222,6592,5969,5347,4725,4103,3481,2859,2237,1615,1132,993
32,NV,35099,35471,36129,37477,38393,38696,38116,38502,38413,39493,40115,41198,42841,42215,40762,39894,39639,38996,35407,32642,33226,34414,35827,37846,39955,41435,42868,44322,46315,47779,47553,45925,45282,44619,44691,44338,43883,44397,43847,43407,42505,40444,39982,38968,38410,38658,37985,38973,40776,43141,41781,39944,38617,38517,38812,40281,40076,39903,40189,39689,39056,37811,37947,36916,36516,36096,34409,33478,32397,30715,30419,29673,30114,30153,21545,21183,20634,19802,16701,14651,13356,12051,10787,9317,8240,7864,7040,6216,5392,4568,3744,2920,2096,1272,448,5
33,NH,12082,12352,12585,13071,13430,13523,13558,13898,13895,14406,14667,15217,15724,16031,15970,16175,16634,16659,17676,18548,18578,18475,17235,16212,16474,16682,17096,17498,17652,17522,17538,17536,17509,17566,17533,17165,16683,17015,16829,16739,16258,15752,15505,14982,15021,15393,15605,16442,18157,19662,19156,19191,19022,19789,20307,21552,22285,22419,22767,22730,22302,22295,21791,20957,19952,19401,18557,17702,17059,15459,15010,14889,15171,14921,10011,9888,9723,9571,8059,6908,6176,5790,5258,4685,4533,4754,4300,3847,3394,2941,2488,2034,1581,1128,678,675
34,NJ,103344,105241,107445,108947,110308,110317,109785,110717,112022,113718,115619,118191,122025,121921,120222,120191,122283,120959,114690,107393,109025,111059,111195,111079,112592,114246,116001,118596,118621,119885,120602,119891,119488,120499,122492,121828,121393,123336,123175,122960,122561,119676,119048,116526,115546,116301,114525,117225,124370,132347,129672,127350,126138,128747,131208,135180,136037,135155,134614,133014,129937,127449,124988,119409,114132,109409,102807,98146,93859,87772,84847,82173,83319,83932,61089,59115,58164,58804,49914,43942,40639,38475,35993,32139,29745,31787,28812,25838,22863,19889,16915,13940,10966,7991,6229,5017
35,NM,22601,23076,23811,24505,25470,25946,26189,26412,26749,27339,28248,29098,29847,29664,28824,28583,28621,28652,28181,28554,28624,28599,27623,27599,27368,27658,27905,28582,29299,28970,28528,27868,27810,28019,28237,28170,28045,28261,27580,27220,26480,25199,24801,23955,23546,23325,22658,23240,24087,25040,24327,23757,23186,23800,24107,25825,26723,27552,28653,28467,28095,27359,27750,27370,26790,26257,25719,25303,24781,23269,23052,22346,22115,21540,15745,15464,14846,14295,12272,11063,10007,9473,8614,7668,7041,6989,6285,5581,4877,4173,3469,2765,2061,1357,653,5
36,NY,229460,228722,231501,232402,233969,234317,230554,232417,232992,233941,233619,234913,241027,240249,236704,238245,243189,242276,254804,255097,255999,253729,249382,257391,270831,280371,288623,293633,296553,305057,304835,297015,292693,287028,283423,277529,269156,269262,263647,260987,258597,248439,244240,238661,236130,238459,231925,236620,250755,270631,268213,261964,258838,264278,272124,282914,284025,281168,280435,279796,277305,270586,266748,255694,247227,240157,226225,217357,210660,198047,193500,186267,185007,182775,133801,130993,127404,126602,109414,98245,91385,86268,80342,72029,67571,72340,65583,58826,52069,45312,38555,31798,25041,18284,14543,11527
37,NC,115863,116852,119187,121043,123426,124095,123812,123871,125100,126428,131648,136112,140290,139754,136395,134611,135393,133838,141292,148564,144345,139867,136313,133237,133548,135806,139121,141259,143650,145753,143794,140296,136356,134052,133778,132151,130832,134343,133191,133446,132927,130183,130437,127587,125669,127799,127338,132339,140512,148602,141332,136331,132606,133593,134594,139768,142170,140852,140969,139262,136407,134746,134124,129984,126900,123565,120056,116036,113051,105256,102561,100828,101600,101299,71652,70400,68531,66672,56240,49964,44947,41719,38184,33633,31436,31346,28202,25059,21915,18772,15628,12485,9341,6198,3054,5
38,ND,10561,10506,10732,11110,11161,11050,10750,10516,10351,10111,10402,10549,10573,10422,10053,9701,9519,9138,9586,11912,12204,12521,13202,12891,11995,11690,11503,11644,11799,11934,11690,11158,10839,10828,11111,10995,10681,10856,10450,10176,9657,9211,8941,8347,7974,7991,7716,7722,7937,8322,8053,8000,7813,8023,8230,8819,9193,9518,9785,9852,9883,9798,9703,9392,9218,8900,8414,8196,7898,6998,6601,6328,6191,6062,4415,4387,4335,4177,3620,3292,3027,3029,2847,2666,2521,2777,2525,2273,2021,1769,1517,1265,1013,784,761,509
39,OH,132662,134801,138277,140103,143000,143839,143589,143517,142711,142975,147441,151865,155666,156158,153641,152286,155083,153446,151938,157090,151615,148750,148419,147441,149428,151062,153582,157154,160063,161438,160398,157124,152143,149803,150223,148368,145826,148418,148765,149186,146789,142191,139280,135048,132643,134444,132751,137510,148618,159045,151989,147833,144537,148141,150776,158097,161248,161535,165775,165919,164130,165214,165775,159739,153407,149225,142256,137097,133510,123019,119044,116083,115974,114874,77294,75358,75358,76536,66445,59009,53622,51214,47576,42369,39024,40418,36515,32613,28711,24808,20906,17004,13101,9199,5297,4254
40,OK,48113,48890,50061,51616,53217,53270,53524,53736,53517,53797,54873,56176,57287,56935,54914,54304,54564,53777,52378,53904,54700,54703,55105,54168,52912,52340,52717,53816,55678,56025,54618,53122,52055,51723,52835,52943,53359,54613,53660,52933,51748,48888,47612,46402,45458,45435,44002,44848,46934,49122,46980,44934,43500,43793,44982,47763,49553,50651,51421,51052,50428,49235,48987,47599,46384,45276,43559,41717,40068,37271,36132,34894,35012,35093,25148,25484,25221,24053,20726,18856,17433,16228,14667,12837,11911,12038,10847,9656,8465,7274,6083,4892,3701,2510,1319,390
41,OR,41718,42339,43936,45962,47428,48101,48179,48121,48527,49273,50613,51748,53292,52721,51120,50320,51001,50180,49415,49351,50058,50881,51915,53480,54138,55459,56902,58625,61074,63379,62557,60936,60054,60020,60703,60482,60200,61238,60757,60401,59456,56957,56248,54364,52912,52280,50515,50586,53094,56612,54351,51988,49125,49377,49459,51016,52194,53335,54719,54716,54385,54156,55255,54926,54344,54170,54108,53221,51654,47869,46447,45109,44930,44611,30869,30660,29947,28811,24188,21485,19260,17623,15969,14121,12874,13299,12011,10724,9437,8149,6862,5575,4287,3000,1713,1297
42,PA,134536,136840,140284,142618,145449,146956,147037,147278,148037,149017,152843,156888,161182,160632,158358,158392,161577,160100,168146,177039,167608,162160,155746,152791,156642,160049,165041,169296,171923,175484,178428,177363,174204,171582,170233,166065,163771,164958,163223,161853,158393,153444,151529,146753,143475,144766,144508,150137,161790,173719,168316,166155,164799,169699,173076,181182,184103,183596,187596,188150,186028,187321,188090,181351,174927,169866,163657,158403,152770,139771,134662,131840,133421,133097,90793,89422,90641,91450,77953,69284,62965,60595,56535,50898,47433,50638,45894,41151,36408,31665,26922,22178,17435,12692,9774,7949
44,RI,10712,10825,11272,11276,11651,11522,11331,11310,11518,11458,11779,12014,12538,12632,12689,12697,12972,13039,16678,18605,17293,16362,14654,13855,14070,14261,14884,15119,15295,15887,16122,15895,15404,14812,14446,14077,13921,14104,13940,13817,13480,12839,12517,12118,11947,12203,12193,12673,13493,14506,14336,14307,14459,15018,15214,15972,15871,15872,16286,16004,15569,15579,15607,15067,14618,14036,13197,12586,12115,11171,10882,10538,10494,10600,7431,7331,7200,7241,6025,5365,4916,4550,4257,3897,3680,4073,3705,3337,2969,2601,2233,1865,1497,1203,1129,761
45,SC,55055,55732,56957,58111,59687,60600,59952,60244,60963,61631,64402,67029,68648,68375,65650,64106,64139,62939,65611,69424,67420,65654,64252,63309,62833,63866,65253,66828,68659,70880,70416,68329,65503,64014,64097,63510,63426,64763,64630,64735,63422,61963,61117,59441,57953,59412,59468,61456,64570,68370,65686,64009,62686,63814,65715,68731,70557,69726,70428,70078,69128,68168,68723,67819,66540,65706,64020,62325,61262,57636,56549,55760,56353,56385,39391,38828,37755,36512,30571,27158,24076,21978,19719,17076,15617,15340,13778,12216,10655,9093,7532,5970,4408,2847,1285,5
46,SD,11650,11761,12120,12208,12287,12377,12278,12176,12105,12097,12445,12700,13017,12812,12327,12145,12119,11511,11155,12579,12185,11970,11645,11488,11186,11038,11184,11423,11473,11173,11142,11288,11304,11405,11657,11453,11510,11432,11568,11473,11194,10409,10084,9811,9457,9191,8918,9025,9448,9981,9616,9443,9300,9615,9988,10644,11353,11732,12023,12161,12093,11927,12074,11820,11630,11487,11207,10737,10378,9525,9015,8424,8079,7725,5415,5315,5300,5136,4362,3852,3680,3506,3145,2944,2888,3107,2818,2529,2240,1952,1663,1374,1086,797,669,508
47,TN,79717,80364,81802,82151,83909,84093,83101,83355,83634,83489,86408,89761,93023,91993,89713,88344,89182,87840,84524,83948,86187,87113,87726,90102,91996,93417,95440,96763,99733,101013,98328,94780,91517,89536,90024,88137,87558,89374,89031,88878,88546,86133,85052,83344,81170,83323,82703,85804,90645,96003,91699,88129,85321,86789,89028,93455,94872,93731,93727,92315,91350,89925,89930,87529,85195,82873,80248,76797,74223,69536,67634,67065,67611,67013,46715,46498,45723,44433,38048,33853,30688,28540,25556,22158,20780,20563,18485,16407,14329,12251,10173,8095,6017,3939,1861,5
48,TX,371260,376249,388176,401985,415277,418496,414089,410318,409586,416817,428804,437730,447852,442969,432276,428007,428446,422102,407976,408181,399063,392664,393197,398519,403239,406509,414398,423651,430844,432674,429266,422887,420301,420856,423606,420682,417218,424511,419014,416140,406754,388895,383410,375748,370035,369063,361477,365844,376111,387197,368143,350284,338269,335009,335807,345708,348281,347453,345834,339689,332131,323098,318780,305938,294904,283716,269498,258300,246165,229262,221183,212994,210923,207648,151200,148733,143679,136134,116944,106638,96011,88550,80731,71858,66245,66631,60006,53382,46757,40133,33509,26884,20260,13635,7011,1180
49,UT,47417,47217,47737,49875,51273,51804,51916,52253,51644,53046,55088,56432,57741,57347,55781,54947,55198,53835,50948,48730,48883,51652,54727,57273,54693,51818,49769,48957,49815,49391,47098,45943,44261,43252,44291,45060,45992,47616,47716,47828,47435,46330,45761,43433,40663,38623,36659,35648,35988,36763,34167,32566,30824,30503,29755,30538,31143,31809,32279,31823,31153,30990,30727,29863,28835,28200,27197,26056,24878,22672,21995,21262,20977,20438,14524,14674,14725,14088,11859,10693,9711,9080,8215,7359,6744,6606,5931,5257,4583,3908,3234,2560,1885,1211,537,5
50,VT,5478,5669,5706,6072,6209,6309,6427,6372,6528,6536,6726,6917,7232,7335,7191,7155,7440,7441,9544,11488,10860,10214,9032,7911,7574,7681,7717,7731,7696,7696,7530,7435,7651,7672,7627,7638,7768,7872,7761,7735,7668,7364,7347,7075,6946,7076,7096,7204,7827,8621,8421,8223,8099,8424,8663,9157,9463,9663,10077,10205,9878,10083,10087,9816,9585,9466,9116,8878,8612,7995,7682,7538,7434,7312,5100,5096,5022,4866,3988,3608,3130,2948,2711,2353,2185,2290,2071,1853,1634,1416,1198,979,761,542,324,322
51,VA,97639,98918,101202,102282,104602,104323,103196,103512,104451,104843,106682,109072,113021,112299,109878,108693,109785,108026,112990,116902,115885,115727,113154,112015,113259,115271,117239,118437,118719,120515,119874,118728,118419,118277,119967,118564,118038,120415,118788,118243,115941,111766,110001,106694,104412,105104,104067,106749,113026,118797,114296,111098,109190,110762,112953,118039,119942,118954,118391,116386,113253,111216,109720,105085,101611,98324,94235,90466,86974,81448,79811,78238,78869,78049,55731,54987,54222,52779,44788,39948,36051,33629,30401,26973,24467,25013,22566,20119,17673,15226,12780,10333,7886,5440,2993,1667
53,WA,86062,86721,89374,93263,95229,95204,94217,94501,94203,94802,96953,98806,100519,98597,95287,93770,93952,92461,89082,89010,90586,91586,94857,99234,102907,107066,111251,115267,120715,124350,124013,120679,117518,115930,117026,115719,114281,114456,113319,110818,107031,101873,99339,96054,93343,92488,89524,90101,94961,101661,98966,95699,90997,90238,90611,94849,97622,98971,99834,99245,97669,96571,96744,94247,92227,90402,87616,84788,81329,75185,72934,70684,70247,69388,48900,48512,47263,44819,37729,33241,29759,27643,25308,22411,20277,21109,19081,17053,15026,12998,10971,8943,6915,4888,2860,2540
54,WV,17464,17892,18354,18765,19176,19827,20076,20289,20168,20118,20616,21366,22002,21825,21363,21305,21681,21562,21541,21788,22172,22394,22190,21810,21368,21080,20909,21336,22248,22783,22115,21024,20366,20322,20376,20081,20376,21534,21580,22132,22541,22077,22222,21690,21191,21657,21381,22328,23680,24882,23607,22952,22645,23084,23445,24628,24961,24794,25229,25480,25630,26279,26644,25897,25171,25082,24458,24139,23919,22451,22127,21911,21502,21115,14321,14290,13969,13766,11832,10822,9634,9279,8560,7609,6815,6730,6048,5367,4685,4004,3323,2641,1960,1278,597,5
55,WI,63043,64226,65440,67600,68825,69348,68985,69510,69990,70925,74540,76162,78425,78456,76987,76354,77455,76177,76511,81213,80537,79522,78810,76871,74423,73904,75587,76130,75518,73604,72588,71497,71636,72925,75381,76184,75371,76905,76641,76808,75393,72629,70891,68508,66513,66745,64671,65863,70510,76319,74021,73119,72899,75961,78062,82092,84190,85072,87412,87300,85293,84566,83549,80265,77506,75871,72982,70207,68668,62616,59949,57454,56439,55214,38702,38347,38165,37667,32342,28608,25782,25113,23283,20883,19338,20055,18121,16187,14253,12320,10386,8452,6519,4585,2651,2189
56,WY,6228,6344,6704,6953,7332,7291,7276,7316,7360,7489,7934,8131,8330,8308,7993,7803,7610,7446,7023,7351,7501,7636,7690,7394,7167,6890,7092,7224,7579,7679,7711,7499,7436,7651,7888,7885,7986,8113,7891,7823,7818,7407,7116,6790,6565,6531,6318,6240,6484,6888,6670,6246,6086,6190,6373,6776,7218,7460,7768,8067,8121,8079,8121,8089,8015,7783,7514,7219,6758,6241,5992,5753,5694,5565,3830,3847,3753,3585,3031,2664,2465,2298,2059,1872,1667,1720,1553,1386,1220,1053,887,720,553,387,220,164
