1,AL,27932,28405,29237,29583,30180,30296,29796,29644,29985,29913,31067,32347,33365,32836,31916,31524,31847,31729,31587,32754,33128,33105,32796,32236,31687,32000,32490,33097,34383,35613,35032,33394,32261,31821,31989,31996,31843,32150,32188,32428,32150,31343,31373,30650,29848,30348,30420,31599,33284,34926,33022,31826,31207,31821,32933,34842,35307,35373,36081,35711,35399,35015,35127,34313,33591,32759,31766,30604,29768,27767,27566,27019,27031,26540,19327,19242,19092,18885,16073,14396,13608,12948,11859,10386,9766,9969,8992,8016,7039,6063,5086,4110,3133,2157,1180,623
2,AK,4716,4644,4753,4972,5101,5155,5087,5011,5067,5023,5010,4931,4956,4892,4737,4785,4691,4644,4039,3633,3944,4087,4314,4473,4540,4888,5085,5305,5636,5702,5730,5513,5523,5295,5422,5349,5190,5262,4986,4860,4609,4333,4244,4077,3911,3894,3720,3831,3994,4291,4238,3938,3909,4063,4150,4340,4483,4543,4620,4575,4528,4421,4375,4298,4219,4115,3811,3621,3415,3101,2941,2676,2560,2463,1844,1789,1670,1539,1359,1214,1023,905,868,748,673,700,632,565,498,431,364,296,229,162,95,85
4,AZ,38172,38799,39904,41505,42283,43521,43159,43436,43151,43685,44842,46781,48686,48361,47012,46315,46191,44959,47064,47487,46449,46322,46106,47142,46998,47073,47424,48054,49336,49692,48827,46712,45704,44844,45228,44608,44121,45140,45254,45260,44369,42313,42194,41456,41085,41718,40764,40656,42698,45004,43245,41672,40599,40791,41398,43504,44519,44938,45492,45596,45090,45111,45639,44758,43994,43599,43278,42365,41625,39699,39366,38919,39605,39738,28915,28820,28435,27877,24025,21464,19581,17954,16212,14298,13085,13458,12149,10841,9532,8224,6916,5607,4299,2990,1682,1141
5,AR,17402,17578,18169,18326,18786,18764,18506,18415,18643,18886,19462,20057,20740,20766,20168,19811,19848,19500,18996,19193,19569,19586,19756,19366,19048,18937,19185,19557,20148,20679,20385,19496,19121,18843,18921,18970,18964,19312,19234,19412,19143,18361,18327,17815,17338,17746,17514,17944,18789,19527,18467,17747,17453,17764,18297,19722,20269,20225,20287,20178,19897,19647,19770,19330,19080,18668,18240,17641,17070,16150,15844,15668,15587,15583,11355,11544,11367,11115,9702,8875,8074,7545,6902,6029,5759,6017,5441,4865,4289,3713,3138,2562,1986,1410,834,791
6,CA,217759,218987,225286,234103,237596,241777,239213,241870,241855,245221,247323,253173,261992,260648,254624,252689,253851,251085,255346,249781,244921,244465,248216,256905,265108,272838,279947,287206,297265,306682,305082,295916,288317,280745,279614,278244,274149,276798,273495,269699,263821,253110,250533,247250,244523,245661,240654,243256,250420,262934,258888,249689,242217,241022,243370,252424,254368,253631,251835,251099,246423,239500,237173,229382,224086,219178,208676,201578,192378,183021,179211,171989,169543,166566,127722,125468,119993,116058,101159,92677,86731,81107,75427,68568,63904,69811,63420,57030,50640,44249,37859,31469,25078,18688,18012,12298
8,CO,30457,30617,31587,32355,33184,33565,33366,33334,33490,34214,35394,36082,37026,37140,36455,36374,36634,35742,35467,35919,34247,34220,35110,36650,38180,39853,41676,43519,44540,44945,44867,43732,43209,42916,43009,42394,41728,41784,41041,40812,39606,37931,37262,35863,34777,34571,33634,34051,35489,37368,36025,34597,32928,32630,33075,35085,36003,36471,37323,37363,36780,36254,35924,34995,34275,33328,32299,31544,30257,27960,26990,25709,25431,25018,17715,17261,16691,16093,13855,12263,11260,10664,9620,8637,7977,8569,7771,6973,6176,5378,4581,3783,2985,2188,1809,1390
9,CT,16817,17233,17783,18280,18680,18936,18756,19149,19430,19947,20463,21310,22271,22618,22517,22727,23026,22953,25134,25692,25864,25066,22909,21445,21321,21476,21794,22088,21586,21357,21637,21871,22518,22660,23083,22588,22484,22855,22846,22715,22545,22062,21825,21432,21021,21109,21174,22117,23753,25750,25633,25307,25105,25959,26958,27969,28048,27630,27852,27727,27145,26525,26157,24989,24162,23189,21955,21133,20247,18834,18475,18064,18514,18714,13731,13464,13581,13682,11524,10143,9423,9006,8469,7704,7260,8389,7663,6937,6211,5485,4759,4033,3444,3307,2581,1855
10,DE,5120,5193,5289,5464,5698,5593,5485,5527,5617,5707,5813,5933,6133,6122,6045,6028,5967,5876,6478,6443,6068,5564,5511,5477,5634,5889,6043,6238,6475,6823,6930,6881,6562,6335,6338,6171,6106,6112,6112,6150,6024,5920,5841,5543,5398,5428,5388,5582,5981,6546,6442,6225,6369,6650,6845,7177,7270,7441,7498,7533,7395,7455,7664,7466,7405,7227,7052,6975,6818,6268,6039,6016,6097,6023,4317,4209,4176,4107,3470,3054,2755,2547,2360,2067,1895,1993,1803,1614,1424,1235,1046,856,667,477,302,288
11,DC,4355,4201,4161,4078,4055,4130,3685,3684,3653,3431,3301,3187,3142,2965,2677,2603,2546,2567,4854,6404,5435,4600,4231,5795,7093,7872,8371,8385,8792,8916,8582,8695,8572,7971,7654,7211,6935,6548,6194,5741,5337,4975,4584,4221,3928,3801,3636,3685,3714,3837,3657,3481,3452,3384,3398,3621,3591,3637,3626,3574,3512,3442,3447,3389,3312,3284,3271,3088,2984,2891,2815,2653,2613,2461,1923,1882,1838,1803,1570,1391,1385,1228,1150,1060,970,1107,1010,913,816,719,622,525,428,420,331,234
12,FL,106048,107613,110236,112086,114461,114446,113911,113307,114663,115346,117644,120784,125581,125794,123401,120932,121084,118269,117695,117638,119914,120752,121741,123400,124872,126891,129674,133229,138125,143410,144218,140416,137150,134790,135090,134810,134428,136599,135376,134948,133003,129826,130446,128729,127090,128032,127884,131991,138956,145514,140222,135964,135542,139912,143746,152208,154913,154762,156008,155161,152268,151695,152201,149312,147395,145997,143795,141018,139075,132823,130977,130448,133229,134938,101208,99815,100260,99789,85794,77499,71512,67392,62205,55910,51359,54094,48958,43822,38686,33550,28415,23279,18143,13007,8342,7871
13,GA,60729,61348,63153,64946,66504,67362,66333,67099,68318,68656,70787,73063,76071,76012,74545,73538,74103,72918,72831,74129,71334,70676,70003,70201,70526,71843,73819,75260,76958,78127,77821,75932,73850,72793,73098,73054,72616,74290,73920,74593,74030,71879,71133,69499,68520,69916,69484,71715,74977,78165,74020,70774,68869,69791,71032,73379,73001,72307,71964,70374,68339,66971,66037,64495,62484,60513,58147,56270,54708,51591,50351,49132,49049,47859,35073,34303,33342,32277,27654,24738,22826,21017,18865,16595,15679,16100,14532,12964,11396,9828,8261,6693,5125,3557,1989,1287
15,HI,8152,8306,8420,8481,8719,8723,8707,8934,8852,8622,8340,8403,8436,8096,7972,7946,7911,7590,7370,7309,7499,7880,7990,8335,8599,8945,9230,9487,9776,9948,10005,9826,9745,9789,9714,9676,9763,9977,9776,9688,9518,8991,8712,8504,8385,8267,8294,8181,8511,9015,9012,8698,8536,8468,8710,9113,9272,9338,9217,9392,9459,9327,9394,9304,9339,9156,8986,9043,8523,8253,8316,7949,7751,7518,5927,5973,5571,5010,4429,4098,3834,3486,3350,3056,2972,3646,3348,3051,2754,2457,2160,2058,1863,1566,1269,972
16,ID,10517,10628,11018,11648,12139,12278,12080,12365,12290,12605,13098,13483,13850,13821,13506,13423,13368,12912,12143,12097,11367,11106,11286,11555,11559,11286,11501,11619,11859,12177,12224,11827,11724,11610,11737,11927,11898,12155,12165,12133,11883,11673,11376,10926,10530,10469,9974,9916,10414,10854,10507,10226,9746,9971,10040,10546,11059,11437,11760,11721,11369,11468,11735,11517,11284,10982,10838,10615,10297,9467,9114,8848,8779,8640,6207,6218,6234,5931,5044,4556,4137,3808,3386,3002,2741,2862,2588,2314,2040,1766,1492,1218,944,670,396,373
17,IL,69229,70067,72560,74118,75830,76089,74556,75395,76098,76611,79268,81683,84451,84673,83091,82637,84352,83258,80573,81280,81464,80394,80519,81457,82794,84510,86126,87638,89203,89081,87699,85707,85536,85049,85974,85944,85170,86541,85865,85859,85277,81993,80845,78941,77163,77621,76522,78093,82322,86546,83235,80797,79513,80728,82008,85624,86538,87141,88216,88259,87042,85913,85397,82097,80077,77933,73913,71434,69095,64923,62626,60555,60285,59522,43333,42520,42716,42959,37447,33602,31000,29800,27736,25087,23578,25996,23638,21280,18922,16565,14207,11849,9492,7375,7134,4776
18,IN,39186,39813,40732,40957,42065,42517,42041,42524,42385,42756,43915,45286,46731,46489,45256,44873,45707,44956,42823,48073,48428,48049,45874,44063,43498,43664,43853,44892,46130,46112,44667,43275,42471,42312,42893,42640,42283,43471,43237,43675,43375,41936,41187,40058,39437,39679,38910,40122,42227,44583,42241,40622,39982,41240,42014,44389,45281,45378,46313,46242,45151,45039,44979,43356,42308,41066,39703,38407,37266,34465,33391,32603,32201,31842,22605,22495,22584,22484,19539,17636,16157,15539,14406,12909,12066,12999,11792,10586,9379,8173,6966,5760,4553,3347,2847,2140
19,IA,18081,18402,19101,19538,19894,19864,19911,19836,19518,19491,20576,21174,21876,21749,21149,20711,20840,20587,20836,23421,23393,23362,22408,20460,19534,19432,19409,19671,20041,19701,19441,18828,18470,18808,19558,19865,19791,20200,20370,20242,20032,19107,18611,17784,17270,17292,16551,16775,18008,19205,18444,18166,17731,18350,18697,19847,20562,21064,21970,21909,21552,21353,21174,20513,20102,19673,18985,18455,18167,16815,15959,15482,15453,15166,10761,10698,10821,10801,9456,8807,8336,8096,7531,6943,6674,7465,6797,6130,5463,4795,4128,3461,2793,2415,2126,1459
20,KS,17260,17548,17795,18252,18930,19116,19071,19204,19155,19504,20080,20365,20838,20687,20192,19816,20002,19743,19073,20332,21197,20834,20365,19715,18921,18838,18337,18495,18753,18486,18103,17936,18042,18371,18962,19173,19202,19481,19167,18896,18428,17601,17221,16841,16182,16125,15539,15682,16530,17497,16902,16361,15700,16174,16737,17896,18562,19188,19645,19754,19399,19223,19100,18638,18035,17506,17110,16376,15948,14599,13939,13474,13486,13315,9409,9501,9648,9399,8161,7534,6882,6571,6305,5669,5417,6085,5543,5001,4460,3918,3377,2835,2293,2041,1752,1210
21,KY,25645,25996,26416,26818,27214,27256,27198,27105,26908,26733,27662,28964,29670,29511,28714,28664,28870,28339,27979,28623,28672,28894,29035,28751,28445,28390,28447,28940,30102,30974,30507,28945,27554,27073,27200,27350,27719,28551,28490,28986,28757,28002,27843,27188,26553,26749,26465,27256,29076,30351,28897,28364,27974,28411,29123,31209,31762,31602,32162,31483,31002,31059,31098,29978,29255,28643,27605,26724,26200,24260,23632,23160,23087,22968,16163,16023,15980,15607,13517,12388,11453,10856,9812,8499,7981,8395,7597,6799,6001,5203,4405,3607,2809,2011,1265,1213
22,LA,27901,28236,29062,29660,30455,30381,29832,29260,29169,29258,30206,31090,32188,31767,30564,30005,29922,29587,28272,28172,29154,29532,30060,29917,29521,29964,30881,31624,33058,34449,34094,33043,31917,31789,32370,32408,32136,32587,32170,31860,30764,29316,28746,27929,26733,26088,25681,26455,27903,29477,28379,27915,27732,28554,29361,31004,31486,31765,32339,32171,32003,31457,31258,30659,30072,29338,27926,26639,25928,24531,23603,22560,22434,22168,16044,16024,15659,15246,13321,12175,11213,10582,9781,8592,8067,8414,7607,6800,5994,5187,4381,3574,2767,1961,1154,1061
23,ME,5962,6122,6240,6317,6493,6533,6580,6628,6657,6730,6996,7251,7530,7586,7463,7483,7599,7639,7820,7783,7453,7257,7197,7166,7329,7513,7718,7950,8090,8247,8407,8434,8326,8300,8468,8214,8051,8330,8269,8194,8153,7989,7886,7555,7540,7737,7721,8150,8853,9339,9122,9072,9177,9578,9752,10297,10651,10976,11226,11274,11121,11309,11414,10941,10770,10427,10405,10095,9861,9108,8835,8690,8691,8423,5802,5807,5998,5784,4889,4367,3979,3869,3610,3213,2988,3239,2940,2641,2342,2044,1745,1446,1148,849,769,550
24,MD,34608,35126,35800,36341,37156,37065,36413,36787,37183,37425,38149,38955,40041,39429,38857,38722,38837,38362,39523,37962,37168,36665,36053,36903,37312,38393,39679,40582,41189,42448,42859,42926,43516,43553,43500,43228,42977,43435,42908,43145,41991,40188,39433,38642,37846,37632,37193,38674,41353,44052,42849,42515,42315,43069,44168,45864,46258,45770,45667,44925,43902,43200,41956,40327,38930,37728,36018,34993,33428,31594,30468,29873,30013,29459,21505,21381,20946,20655,17865,15942,14573,13762,12712,11259,10444,11591,10546,9502,8458,7413,6369,5325,4280,3500,3236,2192
25,MA,33970,34234,35003,35595,35934,36377,36459,36742,36956,37282,37674,38577,39962,40291,40124,40379,41582,42075,51230,56629,52752,50998,48056,46053,47633,48711,49657,49998,49736,49750,50474,50736,50674,50092,49553,48244,46868,46528,45743,44939,44332,43303,42572,41346,41003,41433,41266,42630,45455,48731,47776,47424,47333,48759,49493,51377,51834,51294,51450,50873,49806,49272,48938,47008,45759,44405,42377,41138,39516,36952,36013,35498,35629,35209,25460,25051,24838,24647,20930,18693,17322,16718,15508,14345,13528,15235,13882,12529,11176,9824,8471,7118,5766,5207,4413,3060
26,MI,52931,53720,55216,56353,57255,57744,57397,57422,57422,57753,59859,61337,63034,63415,62784,62817,64542,63712,65187,64190,66083,67393,66817,66060,64383,64544,65072,65870,67712,69501,67417,63182,61175,59749,60679,60287,59707,61100,60986,61341,60811,59737,58784,56934,56279,57051,57154,59320,63661,68242,65775,64045,63513,65412,66365,69718,71515,72050,73322,73467,72360,72642,73479,71415,69181,67264,64876,62781,61201,56728,54395,52994,52723,51867,36696,36323,36764,36971,31815,27964,25433,24211,22504,20293,19097,20660,18750,16840,14931,13021,11112,9202,7292,5383,4767,3473
27,MN,32543,33065,33798,35101,35825,36192,35897,35747,35406,35573,36739,37635,38833,38620,37681,37577,37793,36440,34882,35621,35242,35069,35172,34784,34859,35568,36178,36893,37108,36488,36679,37059,37373,38073,39045,39208,38896,39307,39248,38801,37277,35501,34411,32702,31737,31556,30367,30841,33030,35495,34582,33897,33125,34067,35336,37224,38278,39232,40090,39942,39172,38777,38373,36468,35050,34101,32945,31996,31201,28532,27272,26164,25954,25529,18273,18218,18202,18230,15825,14472,13352,12772,11794,10993,10237,11428,10404,9380,8357,7333,6310,5286,4262,3634,3239,2215
28,MS,17215,17448,17877,18013,18339,18476,18148,18282,18672,18631,19312,20630,21409,21429,20546,19943,20024,19677,19303,20072,19861,19826,19697,19224,19032,19219,19349,19754,20150,20422,20258,19462,18467,18321,18639,18880,18824,19324,19387,19630,19297,18795,18613,18139,17845,17716,17536,18273,19081,19902,18973,18351,18089,18226,18711,19805,20158,20183,20650,20594,20482,20102,19722,19567,19082,18760,18087,17182,16833,15923,15301,14855,14813,14592,10571,10540,10318,10170,8798,8220,7661,7207,6645,5822,5429,5589,5046,4503,3960,3417,2875,2332,1789,1246,703,489
29,MO,34878,35302,35694,36150,36833,37111,36939,36828,36922,37104,38000,39315,40610,40396,39592,39090,39379,38581,36930,39232,39585,39546,39520,39038,39072,39131,39727,40766,42483,42439,41531,40623,39634,39577,40248,40131,39705,40567,40034,40118,39243,37352,36689,35568,34642,34829,33982,35167,37438,39706,37815,36656,36004,37255,38153,40931,42312,43149,44459,44335,43426,42652,42813,41807,40299,38951,37711,36408,35613,33269,32070,31105,31171,31064,22192,22194,22422,22189,19297,17523,16022,15345,14031,12615,11948,12947,11752,10557,9362,8168,6973,5778,4584,3389,3050,2194
30,MT,5522,5589,5837,6140,6280,6371,6313,6217,6265,6324,6547,6640,6869,6759,6583,6475,6587,6373,6154,6300,6513,6759,6989,6916,6714,6689,6714,6863,6989,6919,6908,6706,6613,6559,6701,6843,6822,6941,6876,6757,6645,6398,6298,6145,5838,5704,5472,5511,5804,6283,5991,5874,5755,5858,6140,6750,7109,7305,7621,7857,7854,7902,8053,8014,7890,7782,7604,7356,7107,6570,6311,6011,5833,5706,4065,4002,3963,3856,3326,3081,2736,2616,2336,2158,1974,2120,1922,1725,1528,1330,1133,936,738,541,449,344
31,NE,12252,12330,12665,13143,13223,13206,13206,12979,12994,12951,13343,13779,13888,13716,13632,13415,13348,13241,13060,13933,14044,13476,13269,12838,12573,12506,12634,12632,12742,12243,12038,11881,12173,12492,12688,12770,12881,13156,13000,12869,12508,11805,11526,11053,10726,10853,10342,10388,11062,11265,10914,10616,10248,10525,10828,11597,12121,12373,12850,12780,12548,12369,12294,11895,11698,11443,11076,10673,10548,9801,9393,9047,8799,8639,6087,6202,6203,5993,5246,4823,4521,4438,4185,3844,3662,4042,3675,3309,2943,2577,2211,1845,1479,1162,1113,747
32,NV,17160,17345,17587,18309,18851,18877,18593,18834,18453,19312,19560,20192,20868,20697,19959,19589,19353,19014,17014,15561,15987,16719,17637,18733,19641,20501,21102,21692,22894,23619,23338,22548,22031,21650,21746,21587,21407,21829,21491,21202,20612,19759,19614,19327,19034,18977,18788,19212,20217,20976,20165,19456,18916,18751,18794,19726,19809,19763,19857,19689,19372,18963,19109,18784,18713,18628,17847,17354,16885,16015,15875,15453,15504,15333,11132,11038,10769,10280,8715,7726,6969,6317,5624,4955,4468,4435,3988,3541,3094,2648,2201,1754,1308,861,414,5
33,NH,5924,6114,6191,6353,6564,6580,6600,6772,6736,6946,7187,7387,7609,7811,7799,7882,8204,8136,8803,9251,9220,9234,8395,7811,7856,7970,8230,8430,8572,8418,8383,8487,8535,8580,8589,8414,8195,8349,8183,8251,8046,7822,7772,7519,7510,7727,7762,8211,9114,9738,9495,9571,9541,9889,10213,10831,11245,11321,11479,11441,11229,11268,10887,10576,10035,9827,9465,8993,8710,7936,7720,7664,7807,7684,5288,5211,5091,5072,4337,3749,3387,3175,2943,2700,2637,2902,2638,2374,2111,1847,1584,1320,1056,811,793,529
34,NJ,50456,51257,52376,53111,53958,54006,53646,54245,54642,55459,56443,57740,59731,59776,58775,58743,59914,58856,55397,52040,53353,54843,54977,54904,55316,56278,57512,58469,58517,59100,59603,58774,58875,59485,60484,60338,60170,61228,61246,61394,61232,60117,59618,58349,57897,58332,57591,59007,62448,66638,65404,64531,64068,65559,66691,68973,69342,68649,68118,67522,65983,65198,64238,61539,59351,56984,53719,51570,49886,46939,45624,44521,45233,45521,33817,32825,32449,33135,28468,25326,23629,22415,21279,19127,17957,20003,18207,16411,14616,12820,11025,9229,7433,6240,5638,3842
35,NM,11093,11427,11662,11958,12615,12790,12770,12840,13096,13441,13782,14334,14552,14475,14259,14084,14014,14002,13602,13762,13758,13814,13382,13330,13069,13236,13391,13784,14147,14187,13919,13481,13386,13558,13693,13788,13707,13723,13466,13339,12932,12474,12273,11802,11623,11687,11379,11665,12078,12519,12279,11952,11642,12008,12281,13242,13703,14103,14540,14629,14511,14150,14394,14308,14196,13791,13542,13521,13153,12270,11983,11680,11588,11243,8359,8188,7933,7648,6626,5949,5476,5235,4763,4196,3959,4090,3694,3298,2902,2506,2111,1715,1319,923,527,403
36,NY,112282,112042,112929,113293,114205,114925,112503,113473,113495,113717,113875,114218,117376,117038,115469,116201,118663,118347,125661,126350,126694,126380,125060,130496,137676,142368,145626,147623,149440,152339,151865,147523,146420,143245,140730,138073,134431,134854,132117,130737,129520,125012,123239,120972,119901,120546,117751,120348,127171,137147,135410,132825,131703,134982,139161,144711,145499,144295,143665,143679,142403,139398,137578,132543,128566,125313,118543,114499,111478,105996,104175,100833,100385,98866,74379,73079,71544,71551,62430,56677,53333,50807,47576,43157,40919,45535,41443,37351,33259,29167,25076,20984,16892,14075,12800,8708
37,NC,56759,57483,58128,59034,60290,60796,60681,60863,61479,61778,64180,66585,68455,68085,66665,66034,66370,65691,69744,72293,69565,66805,65729,65226,65549,67302,69202,70153,71830,73128,72929,71690,69550,68275,67707,66990,66466,68276,67810,68004,67676,66605,66694,65223,64327,65348,64757,67063,71091,75587,71879,68853,67023,67865,68380,71589,72768,72563,72692,72047,70885,70406,70073,68070,67051,65687,64220,62266,60817,56820,55266,54400,54785,54220,39081,38457,37619,36717,31401,28055,25566,24007,22426,19921,18836,19540,17656,15773,13889,12006,10122,8239,6355,4472,2588,2150
38,ND,5133,5068,5136,5359,5444,5470,5299,5141,5042,4932,5093,5202,5171,5045,4903,4691,4702,4496,4647,5443,5849,5943,6125,6041,5646,5455,5363,5423,5477,5521,5407,5184,4957,4958,5083,5046,4963,5060,4882,4733,4469,4294,4130,3904,3743,3785,3645,3662,3735,3934,3837,3781,3743,3875,4010,4340,4458,4665,4773,4785,4821,4805,4723,4634,4564,4410,4133,3992,3834,3449,3275,3118,3073,3057,2316,2291,2229,2176,1935,1771,1687,1720,1636,1561,1463,1709,1562,1416,1270,1124,978,831,752,685,539,393
39,OH,64855,66094,67849,68340,69784,70422,70255,70198,69081,69336,71922,74415,75955,76096,75084,74412,75825,74984,74031,76507,74139,73229,73678,72903,73493,74560,75753,77796,79737,80441,80119,78145,75417,74304,74665,74016,72831,74275,74199,74343,73203,70942,69528,67556,66556,67328,66310,68728,74219,79274,75870,73830,71962,74083,75784,79858,81442,82123,84126,84361,83524,84564,85071,82093,78986,77206,73923,71370,69747,64840,63060,62030,62254,60949,41958,41100,41610,42610,37417,33625,30959,29668,27861,25237,23420,25240,22898,20556,18214,15872,13530,11188,8846,6504,5551,4162
40,OK,23508,23844,24284,25095,26032,26042,26005,26209,26195,26288,26770,27452,27981,27791,26850,26431,26689,26219,25195,25966,26294,26536,26502,26038,25444,25215,25665,26259,27516,27819,27380,26387,25810,25451,26108,26100,26323,27117,26330,26074,25611,24190,23431,22867,22509,22559,21831,22279,23366,24098,23157,22227,21630,21866,22387,24099,25196,25632,26022,25959,25692,25303,25200,24618,23954,23416,22695,21901,21125,19680,19120,18586,18657,18661,13575,13796,13854,13237,11487,10573,9827,9183,8370,7418,6947,7285,6590,5895,5201,4506,3812,3117,2422,1728,1033,1032
41,OR,20354,20602,21415,22391,23204,23351,23400,23409,23546,24113,24598,25194,26018,25740,24863,24413,24855,24365,24050,24174,24362,25121,25784,26289,26587,27169,27978,28755,30283,31365,30670,30035,29590,29454,29810,29679,29600,30185,30000,29708,29312,27975,27630,26678,25905,25451,24717,24906,25785,27471,26735,25654,24294,24471,24496,25408,26203,27126,27920,27903,27988,27978,28634,28406,28244,28244,28286,27876,26956,25038,24259,23594,23454,23285,16354,16048,15830,15276,13053,11593,10327,9598,8912,7880,7241,7831,7107,6383,5659,4935,4211,3487,2763,2039,1803,1315
42,PA,65672,66713,68251,69539,71182,71709,71686,72181,72228,72583,74430,76274,78292,78285,77137,77307,78609,77742,83140,87889,83202,80015,76907,75076,76786,78508,81189,83217,84558,85967,87530,87262,85983,84523,83800,81877,80555,81448,80737,80190,78828,76531,75599,73195,71409,72283,72096,74779,80475,86285,83828,82943,82542,85426,87247,91636,93077,93062,95243,95378,94691,95803,95935,92848,89885,87452,84762,82167,79522,73356,71110,70003,71220,70477,49305,48762,49994,50763,43857,39104,36056,34955,33058,30255,28579,31896,29038,26180,23322,20464,17607,14749,11891,10115,9033,6175
44,RI,5251,5344,5522,5474,5680,5599,5492,5579,5600,5496,5755,5840,6148,6170,6159,6137,6341,6407,8564,9584,8833,8134,7204,6738,6962,7053,7324,7391,7444,7729,7898,7932,7597,7265,7007,6970,6886,6937,6839,6804,6649,6452,6248,6052,5975,6211,6217,6391,6834,7409,7372,7333,7356,7638,7759,8164,8183,8200,8415,8321,8042,8074,8107,7788,7549,7290,6940,6586,6395,5893,5683,5568,5634,5632,4011,3967,3927,3984,3429,3093,2820,2638,2530,2342,2260,2624,2398,2172,1946,1720,1494,1268,1112,1042,816,590
45,SC,26908,27206,27775,28422,29262,29652,29213,29677,29899,30199,31738,33010,33756,33473,32249,31417,31534,31111,31964,33435,32442,31684,31237,31111,30968,31807,32729,33844,35030,36265,36218,35143,33689,32615,32644,32261,32417,33211,33011,33041,32444,31585,31338,30484,29732,30400,30467,31490,33022,34832,33391,32729,32091,32960,34010,35703,36681,36258,36774,36644,36103,35792,36315,35980,35528,35155,34527,33659,32933,31265,30515,29732,29913,29748,21303,20869,20345,19745,16743,14986,13330,12329,11239,9961,9170,9405,8488,7571,6654,5737,4820,3903,2986,2069,1152,720
46,SD,5724,5801,6000,5974,5921,6017,5988,5941,5901,5870,5980,6171,6307,6248,6040,5859,5833,5588,5455,6025,5917,5803,5670,5485,5332,5288,5369,5436,5428,5338,5348,5422,5581,5486,5496,5402,5502,5488,5446,5383,5402,5048,4934,4715,4479,4413,4315,4341,4574,4855,4636,4542,4489,4693,4880,5247,5608,5822,5956,6097,6044,5949,5962,5870,5784,5685,5585,5274,5154,4712,4500,4164,3958,3782,2723,2747,2792,2710,2303,2057,2023,1930,1810,1701,1665,1905,1738,1572,1405,1239,1073,906,740,734,573,407
47,TN,39009,39399,39912,40026,41075,41157,40536,40823,40702,40741,42176,43999,45400,44908,43802,43273,43762,43258,41183,41000,42414,43172,43717,44901,45865,46832,47864,48567,50140,50648,49381,47929,46429,45331,45109,44274,44189,44876,44836,44805,44565,43464,43062,42072,40952,41942,41689,43299,45726,48353,46097,44250,42935,43993,45213,47776,48451,48193,48217,47682,47206,46660,46690,45778,44783,43538,42274,40878,39563,37098,36117,35850,36020,35412,25265,25148,24861,24245,21004,18963,17446,16274,14850,13025,12406,12816,11575,10335,9094,7854,6613,5373,4132,2892,1651,1254
48,TX,181809,184529,190259,196413,203690,205428,202092,201234,200125,203801,209972,214094,218400,216277,211291,209369,210171,207213,198354,198323,194094,191264,192133,194794,196575,198335,202773,207674,212780,214124,212497,208245,206289,206955,208234,207073,205374,208232,206148,205585,200952,192350,190003,186763,184222,183848,180733,182635,187268,192224,183210,174340,168242,167028,167767,173751,175238,175242,174437,172077,168207,164368,162613,157156,152466,147579,141379,135905,129827,122022,117937,113588,112165,109770,81826,80751,78422,74606,64719,59484,54158,50173,46313,41683,38951,40490,36595,32700,28805,24910,21015,17120,13225,9330,5435,4694
49,UT,23134,23020,23358,24305,25013,25261,25120,25524,25112,25685,26738,27425,27878,27511,27013,26801,26961,26148,24726,24856,26095,25985,25835,26752,25689,24762,24112,23926,24553,24445,23165,22300,21761,21544,22063,22065,22478,23241,23315,23298,23127,22554,22372,21054,19817,18781,17780,17335,17450,17850,16648,15999,15016,14840,14596,15130,15536,15890,16197,15989,15711,15734,15541,15052,14591,14280,13824,13344,12762,11747,11441,10988,10821,10521,7681,7823,7858,7519,6327,5718,5303,4906,4436,4089,3731,3769,3396,3023,2650,2277,1904,1531,1158,785,412,118
50,VT,2676,2775,2800,2956,3073,3027,3079,3073,3162,3114,3190,3326,3516,3549,3459,3418,3536,3602,4753,5552,5221,5004,4494,3849,3708,3730,3726,3732,3774,3790,3680,3665,3744,3838,3830,3816,3887,3960,3888,3848,3877,3762,3693,3557,3445,3514,3493,3577,3862,4321,4209,4161,4106,4243,4326,4627,4808,4937,5159,5198,4987,5096,5122,5000,4846,4765,4636,4570,4413,4116,3942,3836,3787,3744,2683,2716,2611,2561,2122,1936,1722,1633,1488,1333,1239,1379,1255,1131,1007,883,760,636,512,430,388,264
51,VA,47724,48338,49462,50024,51145,51078,50260,50309,50829,50923,52012,53232,55202,54545,53368,52932,53893,53203,55836,57600,56118,55481,54009,54088,54845,56148,57502,58152,58600,59559,59567,59130,58946,58756,59500,58966,58631,59648,58869,58695,57882,55859,55148,53734,52398,52466,51689,53549,56680,59509,57314,56020,55239,56103,57174,60193,60919,60419,59990,59169,58093,57411,56471,54288,53049,51405,49434,47609,45976,43434,42656,41891,42308,41635,30148,29981,29669,29010,24834,22407,20309,18995,17421,15717,14469,15373,13926,12479,11032,9585,8139,6692,5245,3798,2760,2351
53,WA,42059,42571,43492,45413,46204,46371,45756,46145,46008,46249,47353,48127,48918,47930,46308,45839,46077,45539,43476,43320,43324,43589,45468,47578,49075,51190,53492,55369,58059,59694,59455,58191,56831,56076,56803,55980,55222,55535,55058,53693,52056,49643,48813,47040,45782,45317,43858,44425,46444,49506,48354,46732,44712,44613,44880,47300,48691,49447,49915,49888,49103,48881,49072,47893,47386,46698,45493,44038,42352,39528,38213,37076,37010,36234,25962,25752,25171,23898,20087,17852,16179,15261,14048,12674,11549,12596,11441,10286,9131,7976,6822,5667,4512,3357,3195,2202
54,WV,8500,8658,8911,9184,9364,9757,9779,9901,9734,9762,10091,10369,10658,10554,10310,10287,10545,10481,10242,10323,10680,11077,10704,10637,10410,10094,10064,10285,10884,11130,10945,10208,9905,9919,9860,9768,9950,10629,10648,10896,11169,10869,11053,10831,10425,10627,10542,11007,11642,12159,11653,11332,11123,11446,11552,12268,12660,12600,12830,12979,13057,13394,13468,13142,13002,12898,12519,12555,12378,11651,11516,11402,11117,10864,7524,7525,7375,7352,6424,5903,5398,5182,4820,4405,3945,4090,3695,3301,2906,2512,2118,1723,1329,934,540,446
55,WI,30810,31398,31959,33112,33620,33825,33564,34138,34047,34440,36267,37069,38131,38267,37449,37218,37760,37080,37512,40138,40133,39768,38966,37488,35853,35757,36830,37155,36954,36021,35345,34702,34936,35644,36986,37442,37252,37765,37517,37503,36928,35477,34734,33652,32560,32572,31826,32398,34573,37357,36256,35861,35833,37634,38823,40928,41939,42575,43701,43747,42651,42220,41845,40218,38835,38159,36903,35548,34661,31898,30758,29527,29049,28243,20261,20171,20286,20318,17601,15698,14306,14057,13165,11931,11154,12185,11069,9954,8839,7723,6608,5493,4377,3262,3146,2147
56,WY,3032,3082,3297,3376,3518,3495,3563,3514,3493,3639,3928,3939,4043,3994,3874,3833,3661,3571,3364,3457,3516,3505,3595,3511,3415,3291,3381,3550,3717,3681,3698,3547,3531,3658,3795,3829,3808,3891,3775,3744,3770,3527,3365,3251,3120,3073,3002,3004,3120,3255,3154,3029,2955,2989,3075,3328,3590,3710,3822,4005,4007,3994,3964,4019,3979,3845,3656,3480,3286,3108,2933,2792,2842,2696,1936,1975,1907,1812,1574,1397,1303,1208,1117,1019,927,1005,912,819,727,634,542,449,356,264,242,171
