1,AL,29173,29825,30623,30890,31313,31226,30884,30561,31269,31867,32471,33621,34567,34212,33304,33027,33233,32721,32355,33170,32616,32595,32767,32534,32146,31887,32575,32948,33398,34145,33600,32240,30927,30558,30332,30228,30032,30587,30800,31072,30589,29521,29423,28834,28231,28799,28904,30023,31929,33879,31888,30855,30277,30708,31417,33110,33692,33555,33958,33479,33044,32204,32125,31450,30334,29094,28024,26830,25977,24096,23489,23029,23113,23046,15770,15650,15331,14839,12504,11029,9904,9236,8313,7063,6395,5792,5152,4513,3873,3234,2595,1955,1316,676,37,5
2,AK,4941,4987,5151,5235,5393,5197,5232,5297,5329,5365,5282,5475,5452,5265,4992,4988,4918,4893,4550,4633,5480,5786,5781,5841,5925,6017,6036,6219,6365,6383,6181,6015,5902,5967,6036,5916,5829,5848,5504,5346,5119,4814,4676,4510,4399,4354,4236,4320,4526,4810,4676,4576,4375,4411,4548,4841,4957,5064,5109,5116,5069,4778,4767,4525,4315,4358,4130,3853,3611,3277,3197,2950,2822,2654,1855,1825,1725,1598,1313,1169,962,830,726,651,555,502,446,391,335,280,225,169,114,58,5,5
4,AZ,39928,40611,41519,43022,44548,45246,45313,44865,45325,45503,47050,48897,50784,50593,49047,48453,48316,47059,48958,50854,49095,49309,49377,49830,49842,50088,51209,51661,52287,53056,52279,49902,48851,48119,48662,47713,47180,47969,47428,47257,46494,43864,43226,42339,41734,42195,41236,41284,43015,45503,43840,42083,40694,40399,40671,42338,43041,43207,43794,43290,42555,41671,41778,40571,39653,39105,38155,37120,36557,34742,34766,34658,35574,36514,25543,25486,25462,24835,21005,18859,16951,15854,14365,12485,11126,10500,9387,8275,7162,6050,4937,3825,2712,1600,487,5
5,AR,18209,18480,18896,19270,19806,19866,19538,19590,20004,19861,20444,21044,21857,21796,20969,20827,20890,20720,19925,20224,20628,20250,20103,19538,19492,19306,19410,19676,20064,20683,20302,19527,19038,18808,18888,18826,19236,19406,19482,19611,19264,18463,18203,17615,17293,17470,17241,17458,18367,19363,18672,17862,17376,17782,18025,19114,19613,19579,19786,19377,19106,18819,18458,17950,17315,16909,16434,15821,15346,14230,13852,13606,13829,13935,9703,9641,9497,9074,7818,7038,6455,5839,5203,4606,4051,3787,3382,2977,2572,2167,1762,1357,952,547,142,5
6,CA,227711,229040,236219,245410,249189,253501,251745,252785,254186,257883,259597,266513,277032,274463,267377,264567,264547,261720,264387,262188,259792,257845,260567,268934,278517,286230,296075,303369,314502,325067,321722,312532,307026,301869,300750,295472,291914,293613,287742,282284,275989,261741,256959,251730,248835,249640,243548,245290,253813,267939,265449,254529,247152,244397,246254,253362,253728,250752,248845,246030,242435,232384,228981,218237,209889,203176,191580,181971,172431,161522,157010,149420,147357,146399,107323,104654,98783,94414,81254,73314,67244,62423,56884,50526,46098,46139,41529,36919,32309,27700,23090,18480,13871,9261,4651,126
8,CO,31778,31780,32472,33889,34582,34811,34625,34559,35559,36327,37451,38332,39233,39148,38320,37989,38373,37696,38271,39354,38140,37920,38336,39424,41114,43508,45240,47026,48762,49191,48539,47476,46996,47706,47703,46628,45654,45657,44658,44148,42384,40344,39390,38081,37207,37619,36454,36474,38140,40175,38458,36500,34315,33501,33526,35157,35832,35876,36597,36336,35838,35280,35107,33735,32712,31568,30378,29302,28289,25815,24762,23861,23758,23543,15870,15399,14777,13898,11659,10197,9157,8438,7577,6622,5984,5707,5108,4510,3912,3313,2715,2117,1518,920,322,5
9,CT,17660,18116,18719,18958,19338,19691,19802,19860,20288,20732,21494,22361,23118,23266,23386,23588,24141,24195,25789,26299,26426,25780,24270,23014,22789,22963,23466,23250,22626,22541,22388,22343,22660,22809,23160,22979,22759,22709,22460,22346,22043,21429,21210,20721,20455,20583,20204,20959,22858,24858,24566,24302,24140,24966,25773,26536,26923,26597,26659,26517,25999,25506,25179,23864,22703,21794,20602,19502,18347,16535,15966,15489,15753,16047,11410,11225,11202,11089,9088,7860,7010,6626,6078,5347,4967,5042,4545,4048,3552,3055,2559,2062,1565,1069,572,231
10,DE,5362,5451,5624,5727,5676,5679,5772,5733,6005,5982,6027,6192,6265,6173,6060,6008,6176,6187,6476,6396,6017,5723,5713,5678,5727,5981,6230,6287,6502,6773,6827,6703,6441,6256,6185,6229,6177,6255,5976,5907,5836,5735,5473,5201,5088,5186,5095,5379,5687,6163,6049,5858,5794,6124,6363,6587,6814,6802,6828,6784,6666,6703,6853,6598,6483,6356,6217,5980,5703,5359,5331,5199,5335,5387,3634,3633,3550,3490,2906,2482,2178,2041,1899,1588,1439,1338,1194,1050,906,762,619,475,331,187,43,5
11,DC,4531,4397,4381,4397,4353,4027,3932,3993,3809,3583,3277,3134,3044,2944,2761,2554,2554,2552,3818,5448,4727,3924,3561,4325,5291,6118,6706,7078,7492,7903,8324,7962,7740,7467,7196,6934,6537,6284,5928,5594,5399,5034,4561,4184,3858,3839,3652,3748,3865,4015,3771,3622,3425,3358,3490,3668,3639,3620,3481,3529,3365,3166,3090,2925,2870,2728,2616,2432,2304,2177,2094,2061,1932,1886,1361,1388,1305,1208,1134,966,861,820,766,661,579,611,553,495,437,379,322,264,206,148,100,90
12,FL,110772,112266,114713,117076,119734,119520,119458,118843,120130,120846,123038,126888,131458,131046,128114,126762,126145,124175,125685,123464,123893,124675,125024,127278,129107,131325,135074,137446,141254,145908,146586,143432,141284,139810,139989,138222,136411,138107,136356,136045,134109,129506,129411,127096,125464,126247,125404,130488,137598,144653,139328,134658,133322,135913,139197,145602,148322,147517,147788,145564,141961,138524,138026,134270,130660,128176,124739,121903,120255,114459,113291,112861,117086,121103,86812,86087,86024,85565,73110,65377,59230,55766,50748,45000,40998,39932,35832,31732,27632,23533,19433,15333,11234,7134,3034,5
13,GA,63345,64104,66175,67428,68644,69325,69133,69061,70674,71761,73772,76622,79484,79206,77391,75955,76374,75182,75555,76911,75367,73064,71940,71141,71346,72205,73604,75430,75960,76409,75233,73141,71600,70333,70698,70248,69341,70541,70208,70588,69980,67320,66694,65411,64508,65273,65271,67852,71950,75876,72358,68816,67131,67576,68293,69976,69946,68309,67775,66152,63954,62070,60594,58544,55832,53369,50526,48227,46154,42838,42026,41165,41228,40790,28417,27899,26888,25944,21441,19153,16969,15307,13488,11716,10417,9481,8439,7397,6356,5314,4273,3231,2189,1148,106,5
15,HI,8562,8660,8996,9300,9415,9339,9474,9559,9243,9248,8757,8704,8986,8686,8302,8305,8446,8301,7810,8333,9355,9978,9991,9811,10039,10265,10554,10472,10661,10952,10711,10356,10274,10421,10348,10296,10339,10342,10257,10141,10032,9477,9133,8788,8485,8486,8310,8543,8832,9389,9308,8737,8409,8570,8726,9073,9120,9353,9391,9372,9473,9225,9124,9013,8830,8813,8577,8582,8105,7696,7841,7490,7331,7165,5384,5333,4983,4471,3859,3471,3087,2764,2528,2240,1991,2233,2034,1835,1636,1437,1238,1039,840,742,641,442
16,ID,11064,11287,11682,12269,12640,12876,12731,12778,12849,13160,13735,14179,14752,14693,14192,14140,14116,13619,12896,11875,11472,12353,12904,12777,12628,12446,12526,12535,12484,12439,12156,11823,11616,11906,12210,12263,12364,12461,12525,12607,12434,12091,11887,11393,11053,10950,10594,10501,11039,11521,10888,10623,10251,10325,10220,10426,10821,11014,11532,11497,11332,11083,11146,11050,10843,10605,10426,10291,9948,9013,8778,8573,8692,8731,5912,5868,5678,5546,4659,4059,3688,3473,2975,2529,2281,2119,1891,1663,1435,1207,979,751,523,295,67,5
17,IL,72268,73251,75551,77467,79489,79716,78497,78433,79504,81340,83470,85142,87771,87783,86730,87114,88383,87157,85580,84537,83961,83002,82538,83090,84220,85940,87736,88846,89422,90472,89643,87782,87192,87034,88576,88141,86971,87832,87578,87540,86433,82817,82270,80046,78401,78211,76626,78137,82763,87148,83528,81045,79498,80305,81634,84304,85445,85460,86103,85917,84143,82567,81699,77978,74709,72323,68110,65149,62414,57429,55016,52502,52335,51534,35860,35083,34562,33959,28962,25368,22735,21418,19697,17308,15824,15467,13884,12302,10720,9137,7555,5973,4390,2808,1226,5
18,IN,41064,41627,42867,43464,44515,44778,44605,44585,44757,44750,46211,47298,48707,48542,47856,47485,48111,47343,45768,50533,50674,49072,48142,46056,45287,45141,45643,46169,46720,46085,45040,43908,42997,42511,43174,43067,42904,43869,43988,44097,43676,42424,42034,40532,39505,40076,39263,40568,43238,45844,43208,41649,40442,41132,41810,44048,45111,44318,45075,44922,44121,43373,43414,41707,39950,38805,36973,35302,34098,30930,29937,28898,28234,27929,19106,18963,18489,18236,15406,13708,12152,11398,10275,8825,7977,7639,6841,6043,5246,4448,3651,2853,2055,1258,460,5
19,IA,18994,19321,19856,20231,20724,21090,20696,20573,20519,20649,21740,22498,22942,22929,22228,21902,22047,21661,21884,24716,24272,23860,23695,22135,21354,20924,21070,20990,21009,20613,20180,19561,19282,19523,20465,20917,20987,21471,21535,21215,21099,20296,19611,18817,18175,18194,17270,17525,18744,20029,19496,18988,18412,18893,19209,20087,20785,21058,21626,21867,21704,21225,21104,20401,19890,19547,18624,18044,17622,15923,15218,14367,14080,14063,9563,9361,9313,9099,7804,7125,6480,6100,5550,5024,4688,4537,4068,3599,3130,2662,2193,1724,1256,787,318,5
20,KS,18102,18328,19029,19456,19758,19713,19943,20044,20229,20425,21131,21465,21914,21740,21228,20967,21332,21083,20560,22403,23142,22405,21858,21548,20489,20251,20099,20209,20034,19238,19124,19102,18795,19041,19484,19771,19584,19807,19914,19893,19446,18411,17933,17319,16850,16717,16056,16102,17149,18035,17291,16676,16189,16505,16929,17898,18579,18684,19238,19088,18713,18601,18429,18010,17538,17133,16142,15494,14915,13721,13115,12464,12301,12263,8364,8324,8163,7806,6544,5884,5379,5091,4647,4142,3846,3844,3459,3075,2690,2306,1921,1537,1152,768,383,5
21,KY,26936,27408,28017,28045,28628,28811,28723,28889,28660,28852,29352,30115,30920,31079,30245,29971,30219,29985,29544,30493,30988,30607,30314,30497,30294,30562,30328,30683,31215,31500,30483,29051,28206,27836,27844,27794,27737,28566,28566,29139,28919,28315,28152,27393,26774,26948,26645,27473,29473,30947,28943,28230,27680,28376,28892,30274,30742,30401,30445,30131,29759,29341,29054,28019,27062,26509,25367,24121,23602,21746,21086,20697,20368,20207,13617,13417,13138,12627,10706,9535,8567,7994,7210,5976,5444,5010,4465,3921,3377,2832,2288,1744,1199,655,111,5
22,LA,29052,29361,30372,30894,31409,31181,31208,30571,30517,30760,31229,32595,33414,33162,31848,31342,31332,30968,29826,29194,30077,30557,30429,30632,30331,30673,31320,32007,32853,33585,32823,32232,31709,31509,31984,31617,31681,31935,31532,31363,30329,29144,28154,27252,25978,25705,25438,26096,27398,28273,27274,27146,26742,27245,27885,29299,29991,29902,30154,29962,29908,29606,28905,28186,27638,26671,25209,24034,23061,21267,20272,19631,19496,19261,13228,13041,12582,12139,10258,9114,8336,7573,6906,5963,5339,5019,4485,3951,3417,2883,2350,1816,1282,748,214,5
23,ME,6390,6494,6318,6691,6876,6952,6972,6967,6938,7030,7538,7640,7909,7924,7945,7961,8255,8155,8307,8406,7990,7686,7542,7344,7484,7636,7983,8134,8264,8434,8286,8379,8371,8298,8410,8234,8177,8113,8116,8196,8075,7805,7783,7544,7373,7572,7642,7922,8668,9428,9054,8959,8895,9242,9410,9832,10467,10590,10967,10737,10494,10636,10733,10495,10059,9954,9783,9484,9099,8337,8167,8102,8232,8099,5390,5326,5274,5093,4252,3649,3219,3006,2667,2379,2219,2099,1877,1655,1433,1211,990,768,546,324,102,5
24,MD,36013,36552,37432,37793,38298,38634,38362,38277,38907,39546,40142,40640,42165,41874,40348,39760,40206,39733,40699,39632,38930,37867,36806,36523,37552,38778,39669,40810,40831,42075,43045,42064,42046,42161,42459,41947,41722,41967,41709,41629,40728,39138,38416,37175,36146,36161,35300,36651,39101,41934,40878,39974,39630,40392,41316,43035,43663,42866,42571,41942,40918,40053,39121,36836,35019,33621,31385,30138,28684,26543,25481,24905,24957,24814,17315,16931,16393,16208,13783,11998,10713,9878,8951,7720,7099,7014,6304,5594,4884,4174,3465,2755,2045,1335,625,5
25,MA,35716,35916,36787,37267,37706,37976,37749,38190,38650,39240,39974,41028,42264,42100,41675,42339,43777,43709,49369,53755,51473,48501,46669,45843,47599,49019,50217,50913,50622,50886,51470,50693,50307,49867,49241,47757,46496,46727,45477,44627,43390,42373,41631,40303,39922,40263,39944,41048,43493,46849,45989,45656,45584,46581,47839,49421,49843,49407,49562,48857,47701,46967,46242,43813,41904,40574,38539,36846,35303,32375,31230,30353,30396,30562,20912,20543,19993,19724,16242,14117,12530,11719,10797,9697,8831,8883,8000,7117,6234,5351,4468,3585,2702,1819,936,161
26,MI,55392,56181,57592,59119,60315,60556,60599,60135,60852,61502,63008,64403,66495,66937,65941,66272,67400,66823,68045,66831,67778,69145,68963,68271,67804,67990,68408,68942,70026,71451,68975,64808,62580,61246,62139,61520,61030,61898,61878,61874,60911,59386,58728,56865,55753,56250,56402,58666,63604,68406,65937,64403,63605,64886,65958,68587,70889,70969,72189,71231,70273,70554,70570,67923,65290,62958,60460,58170,56632,51358,49097,47332,46853,46537,31761,31308,31169,30955,26120,22469,19996,18739,16682,14467,13336,12786,11452,10119,8785,7452,6118,4785,3451,2118,784,5
27,MN,34020,34523,35597,36727,37321,37512,37569,37411,37576,37613,38861,39615,40455,40146,39282,38868,39447,38513,36601,36523,35912,35555,35351,35098,35941,36685,37916,38375,38624,38566,38837,38802,39245,39797,40431,40597,40388,41143,40951,40597,39419,37679,36072,34366,33354,32979,31850,32236,34313,37178,36114,35156,34339,34883,35816,37822,39232,39617,40399,40331,39670,38476,37729,36451,35055,33694,32233,30934,29896,27150,25875,24381,23848,23555,16196,16257,16045,15702,13265,11861,10748,10171,9140,8131,7506,7368,6617,5867,5116,4366,3615,2865,2114,1364,613,5
28,MS,17923,18156,18485,18519,18778,18758,18903,18825,19182,19496,20434,21494,22448,22670,21373,21037,21130,20573,20183,20952,20591,20074,20175,19808,19369,19115,19566,19703,20051,19987,19584,18649,17796,17567,17875,17896,17862,18594,18724,19013,18523,17660,17470,17164,16742,16676,16490,16978,18152,19139,18075,17441,17251,17329,17772,18638,19026,19172,19273,18976,18687,18321,18343,17895,17212,16823,15837,15028,14579,13665,13346,12896,12860,12910,8756,8492,8329,7988,6812,6048,5372,5103,4616,3922,3553,3184,2828,2473,2118,1763,1408,1052,697,342,5,5
29,MO,36459,36999,37646,38313,38689,38930,38764,38513,38904,39425,40326,41430,42609,42311,41644,40913,41358,40714,39601,41108,41003,41039,40577,40254,39978,40052,40749,41530,42240,42305,41248,39988,39167,39924,40747,40265,39983,40824,40210,40116,39358,37906,37112,35521,34356,34488,33910,34800,37385,39787,37695,36617,35759,36598,37433,39816,41580,42171,43111,42610,41804,41057,40501,39205,37605,36098,34616,33064,31826,29271,28125,27446,27338,27260,18717,18974,18753,18233,15550,13832,12237,11474,10372,9089,8339,7983,7149,6315,5481,4647,3814,2980,2146,1312,478,5
30,MT,5809,5874,6133,6398,6660,6760,6660,6726,6714,6671,6786,7154,7346,7317,6963,6789,6936,6731,6533,7276,7353,7650,7636,7699,7496,7164,7280,7390,7499,7226,7146,7005,6960,6835,6976,7092,7243,7467,7301,7255,7091,6883,6751,6399,6096,5881,5896,5917,6124,6605,6288,6069,5953,6001,6161,6660,7007,7257,7641,7593,7577,7746,7840,7664,7561,7372,7402,7354,7192,6522,6282,6040,6031,5941,4079,3991,3873,3789,3185,2881,2536,2310,2076,1809,1637,1553,1389,1225,1062,898,735,571,407,244,80,5
31,NE,12876,13033,13303,13592,13871,14248,13864,13770,13591,13754,14273,14596,14826,14583,14168,14155,14262,13843,13324,14536,14480,14339,13377,13543,13337,13217,13120,13299,13294,12805,12793,12711,12913,13076,13338,13652,13497,13886,13775,13698,13139,12399,12114,11644,11297,11360,10832,10859,11563,12123,11530,11113,10770,10883,11253,11917,12348,12535,12808,12722,12637,12469,12204,11857,11569,11048,10575,10214,9959,9039,8667,8351,8070,7935,5461,5417,5437,5119,4340,3829,3542,3400,3071,2830,2560,2546,2290,2034,1778,1522,1266,1010,754,498,242,5
32,NV,17939,18126,18542,19168,19542,19819,19523,19668,19960,20181,20555,21006,21973,21518,20803,20305,20286,19982,18393,17081,17239,17695,18190,19113,20314,20934,21766,22630,23421,24160,24215,23377,23251,22969,22945,22751,22476,22568,22356,22205,21893,20685,20368,19641,19376,19681,19197,19761,20559,22165,21616,20488,19701,19766,20018,20555,20267,20140,20332,20000,19684,18848,18838,18132,17803,17468,16562,16124,15512,14700,14544,14220,14610,14820,10413,10145,9865,9522,7986,6925,6387,5734,5163,4362,3772,3428,3050,2673,2296,1919,1542,1165,788,411,34,5
33,NH,6158,6238,6394,6718,6866,6943,6958,7126,7159,7460,7480,7830,8115,8220,8171,8293,8430,8523,8873,9297,9358,9241,8840,8401,8618,8712,8866,9068,9080,9104,9155,9049,8974,8986,8944,8751,8488,8666,8646,8488,8212,7930,7733,7463,7511,7666,7843,8231,9043,9924,9661,9620,9481,9900,10094,10721,11040,11098,11288,11289,11073,11027,10904,10381,9917,9574,9092,8709,8349,7523,7290,7225,7364,7237,4723,4677,4632,4499,3722,3159,2789,2615,2315,1985,1896,1838,1648,1459,1269,1080,890,701,511,322,132,5
34,NJ,52888,53984,55069,55836,56350,56311,56139,56472,57380,58259,59176,60451,62294,62145,61447,61448,62369,62103,59293,55353,55672,56216,56218,56175,57276,57968,58489,60127,60104,60785,60999,61117,60613,61014,62008,61490,61223,62108,61929,61566,61329,59559,59430,58177,57649,57969,56934,58218,61922,65709,64268,62819,62070,63188,64517,66207,66695,66506,66496,65492,63954,62251,60750,57870,54781,52425,49088,46576,43973,40833,39223,37652,38086,38411,27272,26290,25715,25669,21446,18616,17010,16060,14714,13012,11788,11782,10603,9424,8245,7067,5888,4709,3531,2352,1173,5
35,NM,11508,11649,12149,12547,12855,13156,13419,13572,13653,13898,14466,14764,15295,15189,14565,14499,14607,14650,14579,14792,14866,14785,14241,14269,14299,14422,14514,14798,15152,14783,14609,14387,14424,14461,14544,14382,14338,14538,14114,13881,13548,12725,12528,12153,11923,11638,11279,11575,12009,12521,12048,11805,11544,11792,11826,12583,13020,13449,14113,13838,13584,13209,13356,13062,12594,12466,12177,11782,11628,10999,11069,10666,10527,10297,7386,7276,6913,6647,5646,5114,4531,4238,3851,3472,3082,2859,2550,2242,1934,1626,1318,1010,702,394,86,5
36,NY,117178,116680,118572,119109,119764,119392,118051,118944,119497,120224,119744,120695,123651,123211,121235,122044,124526,123929,129143,128747,129305,127349,124322,126895,133155,138003,142997,146010,147113,152718,152970,149492,146273,143783,142693,139456,134725,134408,131530,130250,129077,123427,121001,117689,116229,117913,114174,116272,123584,133484,132803,129139,127135,129296,132963,138203,138526,136873,136770,136117,134902,131188,129170,123151,118661,114844,107682,102858,99182,92051,89325,85434,84622,83909,59422,57914,55860,55051,46984,41568,38052,35461,32766,28872,26652,26805,24139,21474,18809,16144,13479,10814,8149,5484,2819,470
37,NC,59104,59369,61059,62009,63136,63299,63131,63008,63621,64650,67468,69527,71835,71669,69730,68577,69023,68147,71548,76271,74780,73062,70584,68011,67999,68504,69919,71106,71820,72625,70865,68606,66806,65777,66071,65161,64366,66067,65381,65442,65251,63578,63743,62364,61342,62451,62581,65276,69421,73015,69453,67478,65583,65728,66214,68179,69402,68289,68277,67215,65522,64340,64051,61914,59849,57878,55836,53770,52234,48436,47295,46428,46815,47079,32571,31943,30912,29955,24839,21909,19381,17712,15758,13712,12600,11591,10331,9071,7811,6551,5291,4031,2771,1511,251,5
38,ND,5428,5438,5596,5751,5717,5580,5451,5375,5309,5179,5309,5347,5402,5377,5150,5010,4817,4642,4939,6469,6355,6578,7077,6850,6349,6235,6140,6221,6322,6413,6283,5974,5882,5870,6028,5949,5718,5796,5568,5443,5188,4917,4811,4443,4231,4206,4071,4060,4202,4388,4216,4219,4070,4148,4220,4479,4735,4853,5012,5067,5062,4993,4980,4758,4654,4490,4281,4204,4064,3549,3326,3210,3118,3005,2099,2096,2106,2001,1685,1521,1340,1309,1211,1105,1058,1068,962,856,750,645,539,433,328,222,116,34
39,OH,67807,68707,70428,71763,73216,73417,73334,73319,73630,73639,75519,77450,79711,80062,78557,77874,79258,78462,77907,80583,77476,75521,74741,74538,75935,76502,77829,79358,80326,80997,80279,78979,76726,75499,75558,74352,72995,74143,74566,74843,73586,71249,69752,67492,66087,67116,66441,68782,74399,79771,76119,74003,72575,74058,74992,78239,79806,79412,81649,81558,80606,80650,80704,77646,74421,72019,68333,65727,63763,58179,55984,54053,53720,53925,35336,34258,33748,33926,29028,25384,22663,21546,19715,17132,15604,15048,13487,11927,10367,8806,7246,5686,4125,2565,1005,5
40,OK,24605,25046,25777,26521,27185,27228,27519,27527,27322,27509,28103,28724,29306,29144,28064,27873,27875,27558,27183,27938,28406,28167,28603,28130,27468,27125,27052,27557,28162,28206,27238,26735,26245,26272,26727,26843,27036,27496,27330,26859,26137,24698,24181,23535,22949,22876,22171,22569,23568,25024,23823,22707,21870,21927,22595,23664,24357,25019,25399,25093,24736,23932,23787,22981,22430,21860,20864,19816,18943,17591,17012,16308,16355,16432,11573,11688,11367,10816,9239,8283,7606,7045,6297,5419,4964,4688,4191,3695,3199,2702,2206,1710,1213,717,221,5
41,OR,21364,21737,22521,23571,24224,24750,24779,24712,24981,25160,26015,26554,27274,26981,26257,25907,26146,25815,25365,25177,25696,25760,26131,27191,27551,28290,28924,29870,30791,32014,31887,30901,30464,30566,30893,30803,30600,31053,30757,30693,30144,28982,28618,27686,27007,26829,25798,25680,27309,29141,27616,26334,24831,24906,24963,25608,25991,26209,26799,26813,26397,26178,26621,26520,26100,25926,25822,25345,24698,22831,22188,21515,21476,21326,14515,14612,14117,13535,11135,9892,8933,8025,7057,6241,5633,5415,4851,4288,3725,3162,2599,2035,1472,909,346,5
42,PA,68864,70127,72033,73079,74267,75247,75351,75097,75809,76434,78413,80614,82890,82347,81221,81085,82968,82358,85006,89150,84406,82145,78839,77715,79856,81541,83852,86079,87365,89517,90898,90101,88221,87059,86433,84188,83216,83510,82486,81663,79565,76913,75930,73558,72066,72483,72412,75358,81315,87434,84488,83212,82257,84273,85829,89546,91026,90534,92353,92772,91337,91518,92155,88503,85042,82414,78895,76236,73248,66415,63552,61837,62201,62620,41488,40660,40647,40687,34096,30180,26909,25640,23477,20643,18854,18707,16821,14936,13051,11165,9280,7395,5509,3624,1739,5
44,RI,5461,5481,5750,5802,5971,5923,5839,5731,5918,5962,6024,6174,6390,6462,6530,6560,6631,6632,8114,9021,8460,8228,7450,7117,7108,7208,7560,7728,7851,8158,8224,7963,7807,7547,7439,7107,7035,7167,7101,7013,6831,6387,6269,6066,5972,5992,5976,6282,6659,7097,6964,6974,7103,7380,7455,7808,7688,7672,7871,7683,7527,7505,7500,7279,7069,6746,6257,6000,5720,5278,5199,4970,4860,4968,3420,3364,3273,3257,2596,2272,2096,1912,1727,1555,1420,1449,1307,1165,1023,881,739,597,455,313,171,91
45,SC,28147,28526,29182,29689,30425,30948,30739,30567,31064,31432,32664,34019,34892,34902,33401,32689,32605,31828,33647,35989,34978,33970,33015,32198,31865,32059,32524,32984,33629,34615,34198,33186,31814,31399,31453,31249,31009,31552,31619,31694,30978,30378,29779,28957,28221,29012,29001,29966,31548,33538,32295,31280,30595,30854,31705,33028,33876,33468,33654,33434,33025,32376,32408,31839,31012,30551,29493,28666,28329,26371,26034,26028,26440,26637,18088,17959,17410,16767,13828,12172,10746,9649,8480,7115,6447,5862,5217,4572,3928,3283,2639,1994,1349,705,60,5
46,SD,5926,5960,6120,6234,6366,6360,6290,6235,6204,6227,6465,6529,6710,6564,6287,6286,6286,5923,5700,6554,6268,6167,5975,6003,5854,5750,5815,5987,6045,5835,5794,5866,5723,5919,6161,6051,6008,5944,6122,6090,5792,5361,5150,5096,4978,4778,4603,4684,4874,5126,4980,4901,4811,4922,5108,5397,5745,5910,6067,6064,6049,5978,6112,5950,5846,5802,5622,5463,5224,4813,4515,4260,4121,3943,2692,2568,2508,2426,2059,1795,1657,1576,1335,1243,1223,1194,1071,949,827,705,583,460,338,216,94,5
47,TN,40708,40965,41890,42125,42834,42936,42565,42532,42932,42748,44232,45762,47623,47085,45911,45071,45420,44582,43341,42948,43773,43941,44009,45201,46131,46585,47576,48196,49593,50365,48947,46851,45088,44205,44915,43863,43369,44498,44195,44073,43981,42669,41990,41272,40218,41381,41014,42505,44919,47650,45602,43879,42386,42796,43815,45679,46421,45538,45510,44633,44144,43265,43240,41751,40412,39335,37974,35919,34660,32438,31517,31215,31591,31601,21450,21350,20862,20188,17044,14890,13242,12266,10706,9133,8374,7620,6782,5945,5108,4270,3433,2596,1758,921,84,5
48,TX,189451,191720,197917,205572,211587,213068,211997,209084,209461,213016,218832,223636,229452,226692,220985,218638,218275,214889,209622,209858,204969,201400,201064,203725,206664,208174,211625,215977,218064,218550,216769,214642,214012,213901,215372,213609,211844,216279,212866,210555,205802,196545,193407,188985,185813,185215,180744,183209,188843,194973,184933,175944,170027,167981,168040,171957,173043,172211,171397,167612,163924,158730,156167,148782,142438,136137,128119,122395,116338,107240,103246,99406,98758,97878,69374,67982,65257,61528,52225,47154,41853,38377,34418,30175,27294,25789,23059,20330,17601,14871,12142,9413,6683,3954,1225,5
49,UT,24283,24197,24379,25570,26260,26543,26796,26729,26532,27361,28350,29007,29863,29836,28768,28146,28237,27687,26222,23874,22788,25667,28892,30521,29004,27056,25657,25031,25262,24946,23933,23643,22500,21708,22228,22995,23514,24375,24401,24530,24308,23776,23389,22379,20846,19842,18879,18313,18538,18913,17519,16567,15808,15663,15159,15408,15607,15919,16082,15834,15442,15256,15186,14811,14244,13920,13373,12712,12116,10925,10554,10274,10156,9917,6843,6851,6867,6569,5532,4975,4408,4174,3779,3270,3013,2825,2523,2222,1921,1620,1319,1017,716,415,114,5
50,VT,2802,2894,2906,3116,3136,3282,3348,3299,3366,3422,3536,3591,3716,3786,3732,3737,3904,3839,4791,5936,5639,5210,4538,4062,3866,3951,3991,3999,3922,3906,3850,3770,3907,3834,3797,3822,3881,3912,3873,3887,3791,3602,3654,3518,3501,3562,3603,3627,3965,4300,4212,4062,3993,4181,4337,4530,4655,4726,4918,5007,4891,4987,4965,4816,4739,4701,4480,4308,4199,3879,3740,3702,3647,3568,2417,2380,2411,2305,1866,1672,1408,1315,1223,1020,946,898,803,709,614,520,425,331,236,142,47,5
51,VA,49915,50580,51740,52258,53457,53245,52936,53203,53622,53920,54670,55840,57819,57754,56510,55761,55892,54823,57154,59302,59767,60246,59145,57927,58414,59123,59737,60285,60119,60956,60307,59598,59473,59521,60467,59598,59407,60767,59919,59548,58059,55907,54853,52960,52014,52638,52378,53200,56346,59288,56982,55078,53951,54659,55779,57846,59023,58535,58401,57217,55160,53805,53249,50797,48562,46919,44801,42857,40998,38014,37155,36347,36561,36414,25583,25006,24553,23769,19954,17541,15742,14634,12980,11256,9998,9529,8529,7529,6529,5530,4530,3530,2531,1531,531,5
53,WA,44003,44150,45882,47850,49025,48833,48461,48356,48195,48553,49600,50679,51601,50667,48979,47931,47875,46922,45606,45690,47262,47997,49389,51656,53832,55876,57759,59898,62656,64656,64558,62488,60687,59854,60223,59739,59059,58921,58261,57125,54975,52230,50526,49014,47561,47171,45666,45676,48517,52155,50612,48967,46285,45625,45731,47549,48931,49524,49919,49357,48566,47690,47672,46354,44841,43704,42123,40750,38977,35657,34721,33608,33237,33154,22938,22760,22092,20921,17642,15389,13580,12382,11260,9737,8728,8447,7574,6701,5828,4956,4083,3210,2338,1465,592,5
54,WV,8964,9234,9443,9581,9812,10070,10297,10388,10434,10356,10525,10997,11344,11271,11053,11018,11136,11081,11299,11465,11492,11317,11486,11173,10958,10986,10845,11051,11364,11653,11170,10816,10461,10403,10516,10313,10426,10905,10932,11236,11372,11208,11169,10859,10766,11030,10839,11321,12038,12723,11954,11620,11522,11638,11893,12360,12301,12194,12399,12501,12573,12885,13176,12755,12169,12184,11939,11584,11541,10800,10611,10509,10385,10251,6797,6765,6594,6414,5408,4919,4236,4097,3740,3204,2870,2595,2308,2021,1734,1447,1160,873,586,299,12,5
55,WI,32233,32828,33481,34488,35205,35523,35421,35372,35943,36485,38273,39093,40294,40189,39538,39136,39695,39097,38999,41075,40404,39754,39844,39383,38570,38147,38757,38975,38564,37583,37243,36795,36700,37281,38395,38742,38119,39140,39124,39305,38465,37152,36157,34856,33953,34173,32845,33465,35937,38962,37765,37258,37066,38327,39239,41164,42251,42497,43711,43553,42642,42346,41704,40047,38671,37712,36079,34659,34007,30718,29191,27927,27390,26971,18441,18176,17879,17349,14741,12910,11476,11056,10118,8952,8184,7774,6955,6137,5319,4500,3682,2864,2045,1227,409,5
56,WY,3196,3262,3407,3577,3814,3796,3713,3802,3867,3850,4006,4192,4287,4314,4119,3970,3949,3875,3659,3894,3985,4131,4095,3883,3752,3599,3711,3674,3862,3998,4013,3952,3905,3993,4093,4056,4178,4222,4116,4079,4048,3880,3751,3539,3445,3458,3316,3236,3364,3633,3516,3217,3131,3201,3298,3448,3628,3750,3946,4062,4114,4085,4157,4070,4036,3938,3858,3739,3472,3133,3059,2961,2852,2869,1894,1872,1846,1773,1457,1267,1162,1090,942,853,740,706,632,558,484,410,336,262,188,114,40,5
