id,state,age,male,female,total,age,male,female,total,age,male,female,total,age,male,female,total,age,male,female,total,age,male,female,total,age,male,female,total,age,male,female,total,age,male,female,total,age,male,female,total,age,male,female,total,age,male,female,total,age,male,female,total,age,male,female,total,age,male,female,total,age,male,female,total,age,male,female,total,age,male,female,total,age,male,female,total,age,male,female,total,age,male,female,total,age,male,female,total,age,male,female,total,age,male,female,total,age,male,female,total,age,male,female,total,age,male,female,total,age,male,female,total,age,male,female,total,age,male,female,total,age,male,female,total,age,male,female,total,age,male,female,total,age,male,female,total,age,male,female,total,age,male,female,total,age,male,female,total,age,male,female,total,age,male,female,total,age,male,female,total,age,male,female,total,age,male,female,total,age,male,female,total,age,male,female,total,age,male,female,total,age,male,female,total,age,male,female,total,age,male,female,total,age,male,female,total,age,male,female,total,age,male,female,total,age,male,female,total,age,male,female,total,age,male,female,total,age,male,female,total,age,male,female,total,age,male,female,total,age,male,female,total,age,male,female,total,age,male,female,total,age,male,female,total,age,male,female,total,age,male,female,total,age,male,female,total,age,male,female,total,age,male,female,total,age,male,female,total,age,male,female,total,age,male,female,total,age,male,female,total,age,male,female,total,age,male,female,total,age,male,female,total,age,male,female,total,age,male,female,total,age,male,female,total,age,male,female,total,age,male,female,total,age,male,female,total,age,male,female,total,age,male,female,total,age,male,female,total,age,male,female,total,age,male,female,total,age,male,female,total,age,male,female,total
1,AL,0,29173,27932,57105,1,29825,28405,58230,2,30623,29237,59860,3,30890,29583,60473,4,31313,30180,61493,5,31226,30296,61522,6,30884,29796,60680,7,30561,29644,60205,8,31269,29985,61254,9,31867,29913,61780,10,32471,31067,63538,11,33621,32347,65968,12,34567,33365,67932,13,34212,32836,67048,14,33304,31916,65220,15,33027,31524,64551,16,33233,31847,65080,17,32721,31729,64450,18,32355,31587,63942,19,33170,32754,65924,20,32616,33128,65744,21,32595,33105,65700,22,32767,32796,65563,23,32534,32236,64770,24,32146,31687,63833,25,31887,32000,63887,26,32575,32490,65065,27,32948,33097,66045,28,33398,34383,67781,29,34145,35613,69758,30,33600,35032,68632,31,32240,33394,65634,32,30927,32261,63188,33,30558,31821,62379,34,30332,31989,62321,35,30228,31996,62224,36,30032,31843,61875,37,30587,32150,62737,38,30800,32188,62988,39,31072,32428,63500,40,30589,32150,62739,41,29521,31343,60864,42,29423,31373,60796,43,28834,30650,59484,44,28231,29848,58079,45,28799,30348,59147,46,28904,30420,59324,47,30023,31599,61622,48,31929,33284,65213,49,33879,34926,68805,50,31888,33022,64910,51,30855,31826,62681,52,30277,31207,61484,53,30708,31821,62529,54,31417,32933,64350,55,33110,34842,67952,56,33692,35307,68999,57,33555,35373,68928,58,33958,36081,70039,59,33479,35711,69190,60,33044,35399,68443,61,32204,35015,67219,62,32125,35127,67252,63,31450,34313,65763,64,30334,33591,63925,65,29094,32759,61853,66,28024,31766,59790,67,26830,30604,57434,68,25977,29768,55745,69,24096,27767,51863,70,23489,27566,51055,71,23029,27019,50048,72,23113,27031,50144,73,23046,26540,49586,74,15770,19327,35097,75,15650,19242,34892,76,15331,19092,34423,77,14839,18885,33724,78,12504,16073,28577,79,11029,14396,25425,80,9904,13608,23512,81,9236,12948,22184,82,8313,11859,20172,83,7063,10386,17449,84,6395,9766,16161,85,29153,56376,85529
2,AK,0,4941,4716,9657,1,4987,4644,9631,2,5151,4753,9904,3,5235,4972,10207,4,5393,5101,10494,5,5197,5155,10352,6,5232,5087,10319,7,5297,5011,10308,8,5329,5067,10396,9,5365,5023,10388,10,5282,5010,10292,11,5475,4931,10406,12,5452,4956,10408,13,5265,4892,10157,14,4992,4737,9729,15,4988,4785,9773,16,4918,4691,9609,17,4893,4644,9537,18,4550,4039,8589,19,4633,3633,8266,20,5480,3944,9424,21,5786,4087,9873,22,5781,4314,10095,23,5841,4473,10314,24,5925,4540,10465,25,6017,4888,10905,26,6036,5085,11121,27,6219,5305,11524,28,6365,5636,12001,29,6383,5702,12085,30,6181,5730,11911,31,6015,5513,11528,32,5902,5523,11425,33,5967,5295,11262,34,6036,5422,11458,35,5916,5349,11265,36,5829,5190,11019,37,5848,5262,11110,38,5504,4986,10490,39,5346,4860,10206,40,5119,4609,9728,41,4814,4333,9147,42,4676,4244,8920,43,4510,4077,8587,44,4399,3911,8310,45,4354,3894,8248,46,4236,3720,7956,47,4320,3831,8151,48,4526,3994,8520,49,4810,4291,9101,50,4676,4238,8914,51,4576,3938,8514,52,4375,3909,8284,53,4411,4063,8474,54,4548,4150,8698,55,4841,4340,9181,56,4957,4483,9440,57,5064,4543,9607,58,5109,4620,9729,59,5116,4575,9691,60,5069,4528,9597,61,4778,4421,9199,62,4767,4375,9142,63,4525,4298,8823,64,4315,4219,8534,65,4358,4115,8473,66,4130,3811,7941,67,3853,3621,7474,68,3611,3415,7026,69,3277,3101,6378,70,3197,2941,6138,71,2950,2676,5626,72,2822,2560,5382,73,2654,2463,5117,74,1855,1844,3699,75,1825,1789,3614,76,1725,1670,3395,77,1598,1539,3137,78,1313,1359,2672,79,1169,1214,2383,80,962,1023,1985,81,830,905,1735,82,726,868,1594,83,651,748,1399,84,555,673,1228,85,2535,4062,6597
4,AZ,0,39928,38172,78100,1,40611,38799,79410,2,41519,39904,81423,3,43022,41505,84527,4,44548,42283,86831,5,45246,43521,88767,6,45313,43159,88472,7,44865,43436,88301,8,45325,43151,88476,9,45503,43685,89188,10,47050,44842,91892,11,48897,46781,95678,12,50784,48686,99470,13,50593,48361,98954,14,49047,47012,96059,15,48453,46315,94768,16,48316,46191,94507,17,47059,44959,92018,18,48958,47064,96022,19,50854,47487,98341,20,49095,46449,95544,21,49309,46322,95631,22,49377,46106,95483,23,49830,47142,96972,24,49842,46998,96840,25,50088,47073,97161,26,51209,47424,98633,27,51661,48054,99715,28,52287,49336,101623,29,53056,49692,102748,30,52279,48827,101106,31,49902,46712,96614,32,48851,45704,94555,33,48119,44844,92963,34,48662,45228,93890,35,47713,44608,92321,36,47180,44121,91301,37,47969,45140,93109,38,47428,45254,92682,39,47257,45260,92517,40,46494,44369,90863,41,43864,42313,86177,42,43226,42194,85420,43,42339,41456,83795,44,41734,41085,82819,45,42195,41718,83913,46,41236,40764,82000,47,41284,40656,81940,48,43015,42698,85713,49,45503,45004,90507,50,43840,43245,87085,51,42083,41672,83755,52,40694,40599,81293,53,40399,40791,81190,54,40671,41398,82069,55,42338,43504,85842,56,43041,44519,87560,57,43207,44938,88145,58,43794,45492,89286,59,43290,45596,88886,60,42555,45090,87645,61,41671,45111,86782,62,41778,45639,87417,63,40571,44758,85329,64,39653,43994,83647,65,39105,43599,82704,66,38155,43278,81433,67,37120,42365,79485,68,36557,41625,78182,69,34742,39699,74441,70,34766,39366,74132,71,34658,38919,73577,72,35574,39605,75179,73,36514,39738,76252,74,25543,28915,54458,75,25486,28820,54306,76,25462,28435,53897,77,24835,27877,52712,78,21005,24025,45030,79,18859,21464,40323,80,16951,19581,36532,81,15854,17954,33808,82,14365,16212,30577,83,12485,14298,26783,84,11126,13085,24211,85,54944,76846,131790
5,AR,0,18209,17402,35611,1,18480,17578,36058,2,18896,18169,37065,3,19270,18326,37596,4,19806,18786,38592,5,19866,18764,38630,6,19538,18506,38044,7,19590,18415,38005,8,20004,18643,38647,9,19861,18886,38747,10,20444,19462,39906,11,21044,20057,41101,12,21857,20740,42597,13,21796,20766,42562,14,20969,20168,41137,15,20827,19811,40638,16,20890,19848,40738,17,20720,19500,40220,18,19925,18996,38921,19,20224,19193,39417,20,20628,19569,40197,21,20250,19586,39836,22,20103,19756,39859,23,19538,19366,38904,24,19492,19048,38540,25,19306,18937,38243,26,19410,19185,38595,27,19676,19557,39233,28,20064,20148,40212,29,20683,20679,41362,30,20302,20385,40687,31,19527,19496,39023,32,19038,19121,38159,33,18808,18843,37651,34,18888,18921,37809,35,18826,18970,37796,36,19236,18964,38200,37,19406,19312,38718,38,19482,19234,38716,39,19611,19412,39023,40,19264,19143,38407,41,18463,18361,36824,42,18203,18327,36530,43,17615,17815,35430,44,17293,17338,34631,45,17470,17746,35216,46,17241,17514,34755,47,17458,17944,35402,48,18367,18789,37156,49,19363,19527,38890,50,18672,18467,37139,51,17862,17747,35609,52,17376,17453,34829,53,17782,17764,35546,54,18025,18297,36322,55,19114,19722,38836,56,19613,20269,39882,57,19579,20225,39804,58,19786,20287,40073,59,19377,20178,39555,60,19106,19897,39003,61,18819,19647,38466,62,18458,19770,38228,63,17950,19330,37280,64,17315,19080,36395,65,16909,18668,35577,66,16434,18240,34674,67,15821,17641,33462,68,15346,17070,32416,69,14230,16150,30380,70,13852,15844,29696,71,13606,15668,29274,72,13829,15587,29416,73,13935,15583,29518,74,9703,11355,21058,75,9641,11544,21185,76,9497,11367,20864,77,9074,11115,20189,78,7818,9702,17520,79,7038,8875,15913,80,6455,8074,14529,81,5839,7545,13384,82,5203,6902,12105,83,4606,6029,10635,84,4051,5759,9810,85,19660,35056,54716
6,CA,0,227711,217759,445470,1,229040,218987,448027,2,236219,225286,461505,3,245410,234103,479513,4,249189,237596,486785,5,253501,241777,495278,6,251745,239213,490958,7,252785,241870,494655,8,254186,241855,496041,9,257883,245221,503104,10,259597,247323,506920,11,266513,253173,519686,12,277032,261992,539024,13,274463,260648,535111,14,267377,254624,522001,15,264567,252689,517256,16,264547,253851,518398,17,261720,251085,512805,18,264387,255346,519733,19,262188,249781,511969,20,259792,244921,504713,21,257845,244465,502310,22,260567,248216,508783,23,268934,256905,525839,24,278517,265108,543625,25,286230,272838,559068,26,296075,279947,576022,27,303369,287206,590575,28,314502,297265,611767,29,325067,306682,631749,30,321722,305082,626804,31,312532,295916,608448,32,307026,288317,595343,33,301869,280745,582614,34,300750,279614,580364,35,295472,278244,573716,36,291914,274149,566063,37,293613,276798,570411,38,287742,273495,561237,39,282284,269699,551983,40,275989,263821,539810,41,261741,253110,514851,42,256959,250533,507492,43,251730,247250,498980,44,248835,244523,493358,45,249640,245661,495301,46,243548,240654,484202,47,245290,243256,488546,48,253813,250420,504233,49,267939,262934,530873,50,265449,258888,524337,51,254529,249689,504218,52,247152,242217,489369,53,244397,241022,485419,54,246254,243370,489624,55,253362,252424,505786,56,253728,254368,508096,57,250752,253631,504383,58,248845,251835,500680,59,246030,251099,497129,60,242435,246423,488858,61,232384,239500,471884,62,228981,237173,466154,63,218237,229382,447619,64,209889,224086,433975,65,203176,219178,422354,66,191580,208676,400256,67,181971,201578,383549,68,172431,192378,364809,69,161522,183021,344543,70,157010,179211,336221,71,149420,171989,321409,72,147357,169543,316900,73,146399,166566,312965,74,107323,127722,235045,75,104654,125468,230122,76,98783,119993,218776,77,94414,116058,210472,78,81254,101159,182413,79,73314,92677,165991,80,67244,86731,153975,81,62423,81107,143530,82,56884,75427,132311,83,50526,68568,119094,84,46098,63904,110002,85,254076,428560,682636
8,CO,0,31778,30457,62235,1,31780,30617,62397,2,32472,31587,64059,3,33889,32355,66244,4,34582,33184,67766,5,34811,33565,68376,6,34625,33366,67991,7,34559,33334,67893,8,35559,33490,69049,9,36327,34214,70541,10,37451,35394,72845,11,38332,36082,74414,12,39233,37026,76259,13,39148,37140,76288,14,38320,36455,74775,15,37989,36374,74363,16,38373,36634,75007,17,37696,35742,73438,18,38271,35467,73738,19,39354,35919,75273,20,38140,34247,72387,21,37920,34220,72140,22,38336,35110,73446,23,39424,36650,76074,24,41114,38180,79294,25,43508,39853,83361,26,45240,41676,86916,27,47026,43519,90545,28,48762,44540,93302,29,49191,44945,94136,30,48539,44867,93406,31,47476,43732,91208,32,46996,43209,90205,33,47706,42916,90622,34,47703,43009,90712,35,46628,42394,89022,36,45654,41728,87382,37,45657,41784,87441,38,44658,41041,85699,39,44148,40812,84960,40,42384,39606,81990,41,40344,37931,78275,42,39390,37262,76652,43,38081,35863,73944,44,37207,34777,71984,45,37619,34571,72190,46,36454,33634,70088,47,36474,34051,70525,48,38140,35489,73629,49,40175,37368,77543,50,38458,36025,74483,51,36500,34597,71097,52,34315,32928,67243,53,33501,32630,66131,54,33526,33075,66601,55,35157,35085,70242,56,35832,36003,71835,57,35876,36471,72347,58,36597,37323,73920,59,36336,37363,73699,60,35838,36780,72618,61,35280,36254,71534,62,35107,35924,71031,63,33735,34995,68730,64,32712,34275,66987,65,31568,33328,64896,66,30378,32299,62677,67,29302,31544,60846,68,28289,30257,58546,69,25815,27960,53775,70,24762,26990,51752,71,23861,25709,49570,72,23758,25431,49189,73,23543,25018,48561,74,15870,17715,33585,75,15399,17261,32660,76,14777,16691,31468,77,13898,16093,29991,78,11659,13855,25514,79,10197,12263,22460,80,9157,11260,20417,81,8438,10664,19102,82,7577,9620,17197,83,6622,8637,15259,84,5984,7977,13961,85,30149,51612,81761
9,CT,0,17660,16817,34477,1,18116,17233,35349,2,18719,17783,36502,3,18958,18280,37238,4,19338,18680,38018,5,19691,18936,38627,6,19802,18756,38558,7,19860,19149,39009,8,20288,19430,39718,9,20732,19947,40679,10,21494,20463,41957,11,22361,21310,43671,12,23118,22271,45389,13,23266,22618,45884,14,23386,22517,45903,15,23588,22727,46315,16,24141,23026,47167,17,24195,22953,47148,18,25789,25134,50923,19,26299,25692,51991,20,26426,25864,52290,21,25780,25066,50846,22,24270,22909,47179,23,23014,21445,44459,24,22789,21321,44110,25,22963,21476,44439,26,23466,21794,45260,27,23250,22088,45338,28,22626,21586,44212,29,22541,21357,43898,30,22388,21637,44025,31,22343,21871,44214,32,22660,22518,45178,33,22809,22660,45469,34,23160,23083,46243,35,22979,22588,45567,36,22759,22484,45243,37,22709,22855,45564,38,22460,22846,45306,39,22346,22715,45061,40,22043,22545,44588,41,21429,22062,43491,42,21210,21825,43035,43,20721,21432,42153,44,20455,21021,41476,45,20583,21109,41692,46,20204,21174,41378,47,20959,22117,43076,48,22858,23753,46611,49,24858,25750,50608,50,24566,25633,50199,51,24302,25307,49609,52,24140,25105,49245,53,24966,25959,50925,54,25773,26958,52731,55,26536,27969,54505,56,26923,28048,54971,57,26597,27630,54227,58,26659,27852,54511,59,26517,27727,54244,60,25999,27145,53144,61,25506,26525,52031,62,25179,26157,51336,63,23864,24989,48853,64,22703,24162,46865,65,21794,23189,44983,66,20602,21955,42557,67,19502,21133,40635,68,18347,20247,38594,69,16535,18834,35369,70,15966,18475,34441,71,15489,18064,33553,72,15753,18514,34267,73,16047,18714,34761,74,11410,13731,25141,75,11225,13464,24689,76,11202,13581,24783,77,11089,13682,24771,78,9088,11524,20612,79,7860,10143,18003,80,7010,9423,16433,81,6626,9006,15632,82,6078,8469,14547,83,5347,7704,13051,84,4967,7260,12227,85,28302,54665,82967
10,DE,0,5362,5120,10482,1,5451,5193,10644,2,5624,5289,10913,3,5727,5464,11191,4,5676,5698,11374,5,5679,5593,11272,6,5772,5485,11257,7,5733,5527,11260,8,6005,5617,11622,9,5982,5707,11689,10,6027,5813,11840,11,6192,5933,12125,12,6265,6133,12398,13,6173,6122,12295,14,6060,6045,12105,15,6008,6028,12036,16,6176,5967,12143,17,6187,5876,12063,18,6476,6478,12954,19,6396,6443,12839,20,6017,6068,12085,21,5723,5564,11287,22,5713,5511,11224,23,5678,5477,11155,24,5727,5634,11361,25,5981,5889,11870,26,6230,6043,12273,27,6287,6238,12525,28,6502,6475,12977,29,6773,6823,13596,30,6827,6930,13757,31,6703,6881,13584,32,6441,6562,13003,33,6256,6335,12591,34,6185,6338,12523,35,6229,6171,12400,36,6177,6106,12283,37,6255,6112,12367,38,5976,6112,12088,39,5907,6150,12057,40,5836,6024,11860,41,5735,5920,11655,42,5473,5841,11314,43,5201,5543,10744,44,5088,5398,10486,45,5186,5428,10614,46,5095,5388,10483,47,5379,5582,10961,48,5687,5981,11668,49,6163,6546,12709,50,6049,6442,12491,51,5858,6225,12083,52,5794,6369,12163,53,6124,6650,12774,54,6363,6845,13208,55,6587,7177,13764,56,6814,7270,14084,57,6802,7441,14243,58,6828,7498,14326,59,6784,7533,14317,60,6666,7395,14061,61,6703,7455,14158,62,6853,7664,14517,63,6598,7466,14064,64,6483,7405,13888,65,6356,7227,13583,66,6217,7052,13269,67,5980,6975,12955,68,5703,6818,12521,69,5359,6268,11627,70,5331,6039,11370,71,5199,6016,11215,72,5335,6097,11432,73,5387,6023,11410,74,3634,4317,7951,75,3633,4209,7842,76,3550,4176,7726,77,3490,4107,7597,78,2906,3470,6376,79,2482,3054,5536,80,2178,2755,4933,81,2041,2547,4588,82,1899,2360,4259,83,1588,2067,3655,84,1439,1895,3334,85,6915,11711,18626
11,DC,0,4531,4355,8886,1,4397,4201,8598,2,4381,4161,8542,3,4397,4078,8475,4,4353,4055,8408,5,4027,4130,8157,6,3932,3685,7617,7,3993,3684,7677,8,3809,3653,7462,9,3583,3431,7014,10,3277,3301,6578,11,3134,3187,6321,12,3044,3142,6186,13,2944,2965,5909,14,2761,2677,5438,15,2554,2603,5157,16,2554,2546,5100,17,2552,2567,5119,18,3818,4854,8672,19,5448,6404,11852,20,4727,5435,10162,21,3924,4600,8524,22,3561,4231,7792,23,4325,5795,10120,24,5291,7093,12384,25,6118,7872,13990,26,6706,8371,15077,27,7078,8385,15463,28,7492,8792,16284,29,7903,8916,16819,30,8324,8582,16906,31,7962,8695,16657,32,7740,8572,16312,33,7467,7971,15438,34,7196,7654,14850,35,6934,7211,14145,36,6537,6935,13472,37,6284,6548,12832,38,5928,6194,12122,39,5594,5741,11335,40,5399,5337,10736,41,5034,4975,10009,42,4561,4584,9145,43,4184,4221,8405,44,3858,3928,7786,45,3839,3801,7640,46,3652,3636,7288,47,3748,3685,7433,48,3865,3714,7579,49,4015,3837,7852,50,3771,3657,7428,51,3622,3481,7103,52,3425,3452,6877,53,3358,3384,6742,54,3490,3398,6888,55,3668,3621,7289,56,3639,3591,7230,57,3620,3637,7257,58,3481,3626,7107,59,3529,3574,7103,60,3365,3512,6877,61,3166,3442,6608,62,3090,3447,6537,63,2925,3389,6314,64,2870,3312,6182,65,2728,3284,6012,66,2616,3271,5887,67,2432,3088,5520,68,2304,2984,5288,69,2177,2891,5068,70,2094,2815,4909,71,2061,2653,4714,72,1932,2613,4545,73,1886,2461,4347,74,1361,1923,3284,75,1388,1882,3270,76,1305,1838,3143,77,1208,1803,3011,78,1134,1570,2704,79,966,1391,2357,80,861,1385,2246,81,820,1228,2048,82,766,1150,1916,83,661,1060,1721,84,579,970,1549,85,3610,7129,10739
12,FL,0,110772,106048,216820,1,112266,107613,219879,2,114713,110236,224949,3,117076,112086,229162,4,119734,114461,234195,5,119520,114446,233966,6,119458,113911,233369,7,118843,113307,232150,8,120130,114663,234793,9,120846,115346,236192,10,123038,117644,240682,11,126888,120784,247672,12,131458,125581,257039,13,131046,125794,256840,14,128114,123401,251515,15,126762,120932,247694,16,126145,121084,247229,17,124175,118269,242444,18,125685,117695,243380,19,123464,117638,241102,20,123893,119914,243807,21,124675,120752,245427,22,125024,121741,246765,23,127278,123400,250678,24,129107,124872,253979,25,131325,126891,258216,26,135074,129674,264748,27,137446,133229,270675,28,141254,138125,279379,29,145908,143410,289318,30,146586,144218,290804,31,143432,140416,283848,32,141284,137150,278434,33,139810,134790,274600,34,139989,135090,275079,35,138222,134810,273032,36,136411,134428,270839,37,138107,136599,274706,38,136356,135376,271732,39,136045,134948,270993,40,134109,133003,267112,41,129506,129826,259332,42,129411,130446,259857,43,127096,128729,255825,44,125464,127090,252554,45,126247,128032,254279,46,125404,127884,253288,47,130488,131991,262479,48,137598,138956,276554,49,144653,145514,290167,50,139328,140222,279550,51,134658,135964,270622,52,133322,135542,268864,53,135913,139912,275825,54,139197,143746,282943,55,145602,152208,297810,56,148322,154913,303235,57,147517,154762,302279,58,147788,156008,303796,59,145564,155161,300725,60,141961,152268,294229,61,138524,151695,290219,62,138026,152201,290227,63,134270,149312,283582,64,130660,147395,278055,65,128176,145997,274173,66,124739,143795,268534,67,121903,141018,262921,68,120255,139075,259330,69,114459,132823,247282,70,113291,130977,244268,71,112861,130448,243309,72,117086,133229,250315,73,121103,134938,256041,74,86812,101208,188020,75,86087,99815,185902,76,86024,100260,186284,77,85565,99789,185354,78,73110,85794,158904,79,65377,77499,142876,80,59230,71512,130742,81,55766,67392,123158,82,50748,62205,112953,83,45000,55910,100910,84,40998,51359,92357,85,214842,318173,533015
13,GA,0,63345,60729,124074,1,64104,61348,125452,2,66175,63153,129328,3,67428,64946,132374,4,68644,66504,135148,5,69325,67362,136687,6,69133,66333,135466,7,69061,67099,136160,8,70674,68318,138992,9,71761,68656,140417,10,73772,70787,144559,11,76622,73063,149685,12,79484,76071,155555,13,79206,76012,155218,14,77391,74545,151936,15,75955,73538,149493,16,76374,74103,150477,17,75182,72918,148100,18,75555,72831,148386,19,76911,74129,151040,20,75367,71334,146701,21,73064,70676,143740,22,71940,70003,141943,23,71141,70201,141342,24,71346,70526,141872,25,72205,71843,144048,26,73604,73819,147423,27,75430,75260,150690,28,75960,76958,152918,29,76409,78127,154536,30,75233,77821,153054,31,73141,75932,149073,32,71600,73850,145450,33,70333,72793,143126,34,70698,73098,143796,35,70248,73054,143302,36,69341,72616,141957,37,70541,74290,144831,38,70208,73920,144128,39,70588,74593,145181,40,69980,74030,144010,41,67320,71879,139199,42,66694,71133,137827,43,65411,69499,134910,44,64508,68520,133028,45,65273,69916,135189,46,65271,69484,134755,47,67852,71715,139567,48,71950,74977,146927,49,75876,78165,154041,50,72358,74020,146378,51,68816,70774,139590,52,67131,68869,136000,53,67576,69791,137367,54,68293,71032,139325,55,69976,73379,143355,56,69946,73001,142947,57,68309,72307,140616,58,67775,71964,139739,59,66152,70374,136526,60,63954,68339,132293,61,62070,66971,129041,62,60594,66037,126631,63,58544,64495,123039,64,55832,62484,118316,65,53369,60513,113882,66,50526,58147,108673,67,48227,56270,104497,68,46154,54708,100862,69,42838,51591,94429,70,42026,50351,92377,71,41165,49132,90297,72,41228,49049,90277,73,40790,47859,88649,74,28417,35073,63490,75,27899,34303,62202,76,26888,33342,60230,77,25944,32277,58221,78,21441,27654,49095,79,19153,24738,43891,80,16969,22826,39795,81,15307,21017,36324,82,13488,18865,32353,83,11716,16595,28311,84,10417,15679,26096,85,47942,91741,139683
15,HI,0,8562,8152,16714,1,8660,8306,16966,2,8996,8420,17416,3,9300,8481,17781,4,9415,8719,18134,5,9339,8723,18062,6,9474,8707,18181,7,9559,8934,18493,8,9243,8852,18095,9,9248,8622,17870,10,8757,8340,17097,11,8704,8403,17107,12,8986,8436,17422,13,8686,8096,16782,14,8302,7972,16274,15,8305,7946,16251,16,8446,7911,16357,17,8301,7590,15891,18,7810,7370,15180,19,8333,7309,15642,20,9355,7499,16854,21,9978,7880,17858,22,9991,7990,17981,23,9811,8335,18146,24,10039,8599,18638,25,10265,8945,19210,26,10554,9230,19784,27,10472,9487,19959,28,10661,9776,20437,29,10952,9948,20900,30,10711,10005,20716,31,10356,9826,20182,32,10274,9745,20019,33,10421,9789,20210,34,10348,9714,20062,35,10296,9676,19972,36,10339,9763,20102,37,10342,9977,20319,38,10257,9776,20033,39,10141,9688,19829,40,10032,9518,19550,41,9477,8991,18468,42,9133,8712,17845,43,8788,8504,17292,44,8485,8385,16870,45,8486,8267,16753,46,8310,8294,16604,47,8543,8181,16724,48,8832,8511,17343,49,9389,9015,18404,50,9308,9012,18320,51,8737,8698,17435,52,8409,8536,16945,53,8570,8468,17038,54,8726,8710,17436,55,9073,9113,18186,56,9120,9272,18392,57,9353,9338,18691,58,9391,9217,18608,59,9372,9392,18764,60,9473,9459,18932,61,9225,9327,18552,62,9124,9394,18518,63,9013,9304,18317,64,8830,9339,18169,65,8813,9156,17969,66,8577,8986,17563,67,8582,9043,17625,68,8105,8523,16628,69,7696,8253,15949,70,7841,8316,16157,71,7490,7949,15439,72,7331,7751,15082,73,7165,7518,14683,74,5384,5927,11311,75,5333,5973,11306,76,4983,5571,10554,77,4471,5010,9481,78,3859,4429,8288,79,3471,4098,7569,80,3087,3834,6921,81,2764,3486,6250,82,2528,3350,5878,83,2240,3056,5296,84,1991,2972,4963,85,14125,25152,39277
16,ID,0,11064,10517,21581,1,11287,10628,21915,2,11682,11018,22700,3,12269,11648,23917,4,12640,12139,24779,5,12876,12278,25154,6,12731,12080,24811,7,12778,12365,25143,8,12849,12290,25139,9,13160,12605,25765,10,13735,13098,26833,11,14179,13483,27662,12,14752,13850,28602,13,14693,13821,28514,14,14192,13506,27698,15,14140,13423,27563,16,14116,13368,27484,17,13619,12912,26531,18,12896,12143,25039,19,11875,12097,23972,20,11472,11367,22839,21,12353,11106,23459,22,12904,11286,24190,23,12777,11555,24332,24,12628,11559,24187,25,12446,11286,23732,26,12526,11501,24027,27,12535,11619,24154,28,12484,11859,24343,29,12439,12177,24616,30,12156,12224,24380,31,11823,11827,23650,32,11616,11724,23340,33,11906,11610,23516,34,12210,11737,23947,35,12263,11927,24190,36,12364,11898,24262,37,12461,12155,24616,38,12525,12165,24690,39,12607,12133,24740,40,12434,11883,24317,41,12091,11673,23764,42,11887,11376,23263,43,11393,10926,22319,44,11053,10530,21583,45,10950,10469,21419,46,10594,9974,20568,47,10501,9916,20417,48,11039,10414,21453,49,11521,10854,22375,50,10888,10507,21395,51,10623,10226,20849,52,10251,9746,19997,53,10325,9971,20296,54,10220,10040,20260,55,10426,10546,20972,56,10821,11059,21880,57,11014,11437,22451,58,11532,11760,23292,59,11497,11721,23218,60,11332,11369,22701,61,11083,11468,22551,62,11146,11735,22881,63,11050,11517,22567,64,10843,11284,22127,65,10605,10982,21587,66,10426,10838,21264,67,10291,10615,20906,68,9948,10297,20245,69,9013,9467,18480,70,8778,9114,17892,71,8573,8848,17421,72,8692,8779,17471,73,8731,8640,17371,74,5912,6207,12119,75,5868,6218,12086,76,5678,6234,11912,77,5546,5931,11477,78,4659,5044,9703,79,4059,4556,8615,80,3688,4137,7825,81,3473,3808,7281,82,2975,3386,6361,83,2529,3002,5531,84,2281,2741,5022,85,10939,16671,27610
17,IL,0,72268,69229,141497,1,73251,70067,143318,2,75551,72560,148111,3,77467,74118,151585,4,79489,75830,155319,5,79716,76089,155805,6,78497,74556,153053,7,78433,75395,153828,8,79504,76098,155602,9,81340,76611,157951,10,83470,79268,162738,11,85142,81683,166825,12,87771,84451,172222,13,87783,84673,172456,14,86730,83091,169821,15,87114,82637,169751,16,88383,84352,172735,17,87157,83258,170415,18,85580,80573,166153,19,84537,81280,165817,20,83961,81464,165425,21,83002,80394,163396,22,82538,80519,163057,23,83090,81457,164547,24,84220,82794,167014,25,85940,84510,170450,26,87736,86126,173862,27,88846,87638,176484,28,89422,89203,178625,29,90472,89081,179553,30,89643,87699,177342,31,87782,85707,173489,32,87192,85536,172728,33,87034,85049,172083,34,88576,85974,174550,35,88141,85944,174085,36,86971,85170,172141,37,87832,86541,174373,38,87578,85865,173443,39,87540,85859,173399,40,86433,85277,171710,41,82817,81993,164810,42,82270,80845,163115,43,80046,78941,158987,44,78401,77163,155564,45,78211,77621,155832,46,76626,76522,153148,47,78137,78093,156230,48,82763,82322,165085,49,87148,86546,173694,50,83528,83235,166763,51,81045,80797,161842,52,79498,79513,159011,53,80305,80728,161033,54,81634,82008,163642,55,84304,85624,169928,56,85445,86538,171983,57,85460,87141,172601,58,86103,88216,174319,59,85917,88259,174176,60,84143,87042,171185,61,82567,85913,168480,62,81699,85397,167096,63,77978,82097,160075,64,74709,80077,154786,65,72323,77933,150256,66,68110,73913,142023,67,65149,71434,136583,68,62414,69095,131509,69,57429,64923,122352,70,55016,62626,117642,71,52502,60555,113057,72,52335,60285,112620,73,51534,59522,111056,74,35860,43333,79193,75,35083,42520,77603,76,34562,42716,77278,77,33959,42959,76918,78,28962,37447,66409,79,25368,33602,58970,80,22735,31000,53735,81,21418,29800,51218,82,19697,27736,47433,83,17308,25087,42395,84,15824,23578,39402,85,83474,161239,244713
18,IN,0,41064,39186,80250,1,41627,39813,81440,2,42867,40732,83599,3,43464,40957,84421,4,44515,42065,86580,5,44778,42517,87295,6,44605,42041,86646,7,44585,42524,87109,8,44757,42385,87142,9,44750,42756,87506,10,46211,43915,90126,11,47298,45286,92584,12,48707,46731,95438,13,48542,46489,95031,14,47856,45256,93112,15,47485,44873,92358,16,48111,45707,93818,17,47343,44956,92299,18,45768,42823,88591,19,50533,48073,98606,20,50674,48428,99102,21,49072,48049,97121,22,48142,45874,94016,23,46056,44063,90119,24,45287,43498,88785,25,45141,43664,88805,26,45643,43853,89496,27,46169,44892,91061,28,46720,46130,92850,29,46085,46112,92197,30,45040,44667,89707,31,43908,43275,87183,32,42997,42471,85468,33,42511,42312,84823,34,43174,42893,86067,35,43067,42640,85707,36,42904,42283,85187,37,43869,43471,87340,38,43988,43237,87225,39,44097,43675,87772,40,43676,43375,87051,41,42424,41936,84360,42,42034,41187,83221,43,40532,40058,80590,44,39505,39437,78942,45,40076,39679,79755,46,39263,38910,78173,47,40568,40122,80690,48,43238,42227,85465,49,45844,44583,90427,50,43208,42241,85449,51,41649,40622,82271,52,40442,39982,80424,53,41132,41240,82372,54,41810,42014,83824,55,44048,44389,88437,56,45111,45281,90392,57,44318,45378,89696,58,45075,46313,91388,59,44922,46242,91164,60,44121,45151,89272,61,43373,45039,88412,62,43414,44979,88393,63,41707,43356,85063,64,39950,42308,82258,65,38805,41066,79871,66,36973,39703,76676,67,35302,38407,73709,68,34098,37266,71364,69,30930,34465,65395,70,29937,33391,63328,71,28898,32603,61501,72,28234,32201,60435,73,27929,31842,59771,74,19106,22605,41711,75,18963,22495,41458,76,18489,22584,41073,77,18236,22484,40720,78,15406,19539,34945,79,13708,17636,31344,80,12152,16157,28309,81,11398,15539,26937,82,10275,14406,24681,83,8825,12909,21734,84,7977,12066,20043,85,40508,78544,119052
19,IA,0,18994,18081,37075,1,19321,18402,37723,2,19856,19101,38957,3,20231,19538,39769,4,20724,19894,40618,5,21090,19864,40954,6,20696,19911,40607,7,20573,19836,40409,8,20519,19518,40037,9,20649,19491,40140,10,21740,20576,42316,11,22498,21174,43672,12,22942,21876,44818,13,22929,21749,44678,14,22228,21149,43377,15,21902,20711,42613,16,22047,20840,42887,17,21661,20587,42248,18,21884,20836,42720,19,24716,23421,48137,20,24272,23393,47665,21,23860,23362,47222,22,23695,22408,46103,23,22135,20460,42595,24,21354,19534,40888,25,20924,19432,40356,26,21070,19409,40479,27,20990,19671,40661,28,21009,20041,41050,29,20613,19701,40314,30,20180,19441,39621,31,19561,18828,38389,32,19282,18470,37752,33,19523,18808,38331,34,20465,19558,40023,35,20917,19865,40782,36,20987,19791,40778,37,21471,20200,41671,38,21535,20370,41905,39,21215,20242,41457,40,21099,20032,41131,41,20296,19107,39403,42,19611,18611,38222,43,18817,17784,36601,44,18175,17270,35445,45,18194,17292,35486,46,17270,16551,33821,47,17525,16775,34300,48,18744,18008,36752,49,20029,19205,39234,50,19496,18444,37940,51,18988,18166,37154,52,18412,17731,36143,53,18893,18350,37243,54,19209,18697,37906,55,20087,19847,39934,56,20785,20562,41347,57,21058,21064,42122,58,21626,21970,43596,59,21867,21909,43776,60,21704,21552,43256,61,21225,21353,42578,62,21104,21174,42278,63,20401,20513,40914,64,19890,20102,39992,65,19547,19673,39220,66,18624,18985,37609,67,18044,18455,36499,68,17622,18167,35789,69,15923,16815,32738,70,15218,15959,31177,71,14367,15482,29849,72,14080,15453,29533,73,14063,15166,29229,74,9563,10761,20324,75,9361,10698,20059,76,9313,10821,20134,77,9099,10801,19900,78,7804,9456,17260,79,7125,8807,15932,80,6480,8336,14816,81,6100,8096,14196,82,5550,7531,13081,83,5024,6943,11967,84,4688,6674,11362,85,24286,47038,71324
20,KS,0,18102,17260,35362,1,18328,17548,35876,2,19029,17795,36824,3,19456,18252,37708,4,19758,18930,38688,5,19713,19116,38829,6,19943,19071,39014,7,20044,19204,39248,8,20229,19155,39384,9,20425,19504,39929,10,21131,20080,41211,11,21465,20365,41830,12,21914,20838,42752,13,21740,20687,42427,14,21228,20192,41420,15,20967,19816,40783,16,21332,20002,41334,17,21083,19743,40826,18,20560,19073,39633,19,22403,20332,42735,20,23142,21197,44339,21,22405,20834,43239,22,21858,20365,42223,23,21548,19715,41263,24,20489,18921,39410,25,20251,18838,39089,26,20099,18337,38436,27,20209,18495,38704,28,20034,18753,38787,29,19238,18486,37724,30,19124,18103,37227,31,19102,17936,37038,32,18795,18042,36837,33,19041,18371,37412,34,19484,18962,38446,35,19771,19173,38944,36,19584,19202,38786,37,19807,19481,39288,38,19914,19167,39081,39,19893,18896,38789,40,19446,18428,37874,41,18411,17601,36012,42,17933,17221,35154,43,17319,16841,34160,44,16850,16182,33032,45,16717,16125,32842,46,16056,15539,31595,47,16102,15682,31784,48,17149,16530,33679,49,18035,17497,35532,50,17291,16902,34193,51,16676,16361,33037,52,16189,15700,31889,53,16505,16174,32679,54,16929,16737,33666,55,17898,17896,35794,56,18579,18562,37141,57,18684,19188,37872,58,19238,19645,38883,59,19088,19754,38842,60,18713,19399,38112,61,18601,19223,37824,62,18429,19100,37529,63,18010,18638,36648,64,17538,18035,35573,65,17133,17506,34639,66,16142,17110,33252,67,15494,16376,31870,68,14915,15948,30863,69,13721,14599,28320,70,13115,13939,27054,71,12464,13474,25938,72,12301,13486,25787,73,12263,13315,25578,74,8364,9409,17773,75,8324,9501,17825,76,8163,9648,17811,77,7806,9399,17205,78,6544,8161,14705,79,5884,7534,13418,80,5379,6882,12261,81,5091,6571,11662,82,4647,6305,10952,83,4142,5669,9811,84,3846,5417,9263,85,21148,38524,59672
21,KY,0,26936,25645,52581,1,27408,25996,53404,2,28017,26416,54433,3,28045,26818,54863,4,28628,27214,55842,5,28811,27256,56067,6,28723,27198,55921,7,28889,27105,55994,8,28660,26908,55568,9,28852,26733,55585,10,29352,27662,57014,11,30115,28964,59079,12,30920,29670,60590,13,31079,29511,60590,14,30245,28714,58959,15,29971,28664,58635,16,30219,28870,59089,17,29985,28339,58324,18,29544,27979,57523,19,30493,28623,59116,20,30988,28672,59660,21,30607,28894,59501,22,30314,29035,59349,23,30497,28751,59248,24,30294,28445,58739,25,30562,28390,58952,26,30328,28447,58775,27,30683,28940,59623,28,31215,30102,61317,29,31500,30974,62474,30,30483,30507,60990,31,29051,28945,57996,32,28206,27554,55760,33,27836,27073,54909,34,27844,27200,55044,35,27794,27350,55144,36,27737,27719,55456,37,28566,28551,57117,38,28566,28490,57056,39,29139,28986,58125,40,28919,28757,57676,41,28315,28002,56317,42,28152,27843,55995,43,27393,27188,54581,44,26774,26553,53327,45,26948,26749,53697,46,26645,26465,53110,47,27473,27256,54729,48,29473,29076,58549,49,30947,30351,61298,50,28943,28897,57840,51,28230,28364,56594,52,27680,27974,55654,53,28376,28411,56787,54,28892,29123,58015,55,30274,31209,61483,56,30742,31762,62504,57,30401,31602,62003,58,30445,32162,62607,59,30131,31483,61614,60,29759,31002,60761,61,29341,31059,60400,62,29054,31098,60152,63,28019,29978,57997,64,27062,29255,56317,65,26509,28643,55152,66,25367,27605,52972,67,24121,26724,50845,68,23602,26200,49802,69,21746,24260,46006,70,21086,23632,44718,71,20697,23160,43857,72,20368,23087,43455,73,20207,22968,43175,74,13617,16163,29780,75,13417,16023,29440,76,13138,15980,29118,77,12627,15607,28234,78,10706,13517,24223,79,9535,12388,21923,80,8567,11453,20020,81,7994,10856,18850,82,7210,9812,17022,83,5976,8499,14475,84,5444,7981,13425,85,25616,49309,74925
22,LA,0,29052,27901,56953,1,29361,28236,57597,2,30372,29062,59434,3,30894,29660,60554,4,31409,30455,61864,5,31181,30381,61562,6,31208,29832,61040,7,30571,29260,59831,8,30517,29169,59686,9,30760,29258,60018,10,31229,30206,61435,11,32595,31090,63685,12,33414,32188,65602,13,33162,31767,64929,14,31848,30564,62412,15,31342,30005,61347,16,31332,29922,61254,17,30968,29587,60555,18,29826,28272,58098,19,29194,28172,57366,20,30077,29154,59231,21,30557,29532,60089,22,30429,30060,60489,23,30632,29917,60549,24,30331,29521,59852,25,30673,29964,60637,26,31320,30881,62201,27,32007,31624,63631,28,32853,33058,65911,29,33585,34449,68034,30,32823,34094,66917,31,32232,33043,65275,32,31709,31917,63626,33,31509,31789,63298,34,31984,32370,64354,35,31617,32408,64025,36,31681,32136,63817,37,31935,32587,64522,38,31532,32170,63702,39,31363,31860,63223,40,30329,30764,61093,41,29144,29316,58460,42,28154,28746,56900,43,27252,27929,55181,44,25978,26733,52711,45,25705,26088,51793,46,25438,25681,51119,47,26096,26455,52551,48,27398,27903,55301,49,28273,29477,57750,50,27274,28379,55653,51,27146,27915,55061,52,26742,27732,54474,53,27245,28554,55799,54,27885,29361,57246,55,29299,31004,60303,56,29991,31486,61477,57,29902,31765,61667,58,30154,32339,62493,59,29962,32171,62133,60,29908,32003,61911,61,29606,31457,61063,62,28905,31258,60163,63,28186,30659,58845,64,27638,30072,57710,65,26671,29338,56009,66,25209,27926,53135,67,24034,26639,50673,68,23061,25928,48989,69,21267,24531,45798,70,20272,23603,43875,71,19631,22560,42191,72,19496,22434,41930,73,19261,22168,41429,74,13228,16044,29272,75,13041,16024,29065,76,12582,15659,28241,77,12139,15246,27385,78,10258,13321,23579,79,9114,12175,21289,80,8336,11213,19549,81,7573,10582,18155,82,6906,9781,16687,83,5963,8592,14555,84,5339,8067,13406,85,26176,48907,75083
23,ME,0,6390,5962,12352,1,6494,6122,12616,2,6318,6240,12558,3,6691,6317,13008,4,6876,6493,13369,5,6952,6533,13485,6,6972,6580,13552,7,6967,6628,13595,8,6938,6657,13595,9,7030,6730,13760,10,7538,6996,14534,11,7640,7251,14891,12,7909,7530,15439,13,7924,7586,15510,14,7945,7463,15408,15,7961,7483,15444,16,8255,7599,15854,17,8155,7639,15794,18,8307,7820,16127,19,8406,7783,16189,20,7990,7453,15443,21,7686,7257,14943,22,7542,7197,14739,23,7344,7166,14510,24,7484,7329,14813,25,7636,7513,15149,26,7983,7718,15701,27,8134,7950,16084,28,8264,8090,16354,29,8434,8247,16681,30,8286,8407,16693,31,8379,8434,16813,32,8371,8326,16697,33,8298,8300,16598,34,8410,8468,16878,35,8234,8214,16448,36,8177,8051,16228,37,8113,8330,16443,38,8116,8269,16385,39,8196,8194,16390,40,8075,8153,16228,41,7805,7989,15794,42,7783,7886,15669,43,7544,7555,15099,44,7373,7540,14913,45,7572,7737,15309,46,7642,7721,15363,47,7922,8150,16072,48,8668,8853,17521,49,9428,9339,18767,50,9054,9122,18176,51,8959,9072,18031,52,8895,9177,18072,53,9242,9578,18820,54,9410,9752,19162,55,9832,10297,20129,56,10467,10651,21118,57,10590,10976,21566,58,10967,11226,22193,59,10737,11274,22011,60,10494,11121,21615,61,10636,11309,21945,62,10733,11414,22147,63,10495,10941,21436,64,10059,10770,20829,65,9954,10427,20381,66,9783,10405,20188,67,9484,10095,19579,68,9099,9861,18960,69,8337,9108,17445,70,8167,8835,17002,71,8102,8690,16792,72,8232,8691,16923,73,8099,8423,16522,74,5390,5802,11192,75,5326,5807,11133,76,5274,5998,11272,77,5093,5784,10877,78,4252,4889,9141,79,3649,4367,8016,80,3219,3979,7198,81,3006,3869,6875,82,2667,3610,6277,83,2379,3213,5592,84,2219,2988,5207,85,11012,19720,30732
24,MD,0,36013,34608,70621,1,36552,35126,71678,2,37432,35800,73232,3,37793,36341,74134,4,38298,37156,75454,5,38634,37065,75699,6,38362,36413,74775,7,38277,36787,75064,8,38907,37183,76090,9,39546,37425,76971,10,40142,38149,78291,11,40640,38955,79595,12,42165,40041,82206,13,41874,39429,81303,14,40348,38857,79205,15,39760,38722,78482,16,40206,38837,79043,17,39733,38362,78095,18,40699,39523,80222,19,39632,37962,77594,20,38930,37168,76098,21,37867,36665,74532,22,36806,36053,72859,23,36523,36903,73426,24,37552,37312,74864,25,38778,38393,77171,26,39669,39679,79348,27,40810,40582,81392,28,40831,41189,82020,29,42075,42448,84523,30,43045,42859,85904,31,42064,42926,84990,32,42046,43516,85562,33,42161,43553,85714,34,42459,43500,85959,35,41947,43228,85175,36,41722,42977,84699,37,41967,43435,85402,38,41709,42908,84617,39,41629,43145,84774,40,40728,41991,82719,41,39138,40188,79326,42,38416,39433,77849,43,37175,38642,75817,44,36146,37846,73992,45,36161,37632,73793,46,35300,37193,72493,47,36651,38674,75325,48,39101,41353,80454,49,41934,44052,85986,50,40878,42849,83727,51,39974,42515,82489,52,39630,42315,81945,53,40392,43069,83461,54,41316,44168,85484,55,43035,45864,88899,56,43663,46258,89921,57,42866,45770,88636,58,42571,45667,88238,59,41942,44925,86867,60,40918,43902,84820,61,40053,43200,83253,62,39121,41956,81077,63,36836,40327,77163,64,35019,38930,73949,65,33621,37728,71349,66,31385,36018,67403,67,30138,34993,65131,68,28684,33428,62112,69,26543,31594,58137,70,25481,30468,55949,71,24905,29873,54778,72,24957,30013,54970,73,24814,29459,54273,74,17315,21505,38820,75,16931,21381,38312,76,16393,20946,37339,77,16208,20655,36863,78,13783,17865,31648,79,11998,15942,27940,80,10713,14573,25286,81,9878,13762,23640,82,8951,12712,21663,83,7720,11259,18979,84,7099,10444,17543,85,38205,72418,110623
25,MA,0,35716,33970,69686,1,35916,34234,70150,2,36787,35003,71790,3,37267,35595,72862,4,37706,35934,73640,5,37976,36377,74353,6,37749,36459,74208,7,38190,36742,74932,8,38650,36956,75606,9,39240,37282,76522,10,39974,37674,77648,11,41028,38577,79605,12,42264,39962,82226,13,42100,40291,82391,14,41675,40124,81799,15,42339,40379,82718,16,43777,41582,85359,17,43709,42075,85784,18,49369,51230,100599,19,53755,56629,110384,20,51473,52752,104225,21,48501,50998,99499,22,46669,48056,94725,23,45843,46053,91896,24,47599,47633,95232,25,49019,48711,97730,26,50217,49657,99874,27,50913,49998,100911,28,50622,49736,100358,29,50886,49750,100636,30,51470,50474,101944,31,50693,50736,101429,32,50307,50674,100981,33,49867,50092,99959,34,49241,49553,98794,35,47757,48244,96001,36,46496,46868,93364,37,46727,46528,93255,38,45477,45743,91220,39,44627,44939,89566,40,43390,44332,87722,41,42373,43303,85676,42,41631,42572,84203,43,40303,41346,81649,44,39922,41003,80925,45,40263,41433,81696,46,39944,41266,81210,47,41048,42630,83678,48,43493,45455,88948,49,46849,48731,95580,50,45989,47776,93765,51,45656,47424,93080,52,45584,47333,92917,53,46581,48759,95340,54,47839,49493,97332,55,49421,51377,100798,56,49843,51834,101677,57,49407,51294,100701,58,49562,51450,101012,59,48857,50873,99730,60,47701,49806,97507,61,46967,49272,96239,62,46242,48938,95180,63,43813,47008,90821,64,41904,45759,87663,65,40574,44405,84979,66,38539,42377,80916,67,36846,41138,77984,68,35303,39516,74819,69,32375,36952,69327,70,31230,36013,67243,71,30353,35498,65851,72,30396,35629,66025,73,30562,35209,65771,74,20912,25460,46372,75,20543,25051,45594,76,19993,24838,44831,77,19724,24647,44371,78,16242,20930,37172,79,14117,18693,32810,80,12530,17322,29852,81,11719,16718,28437,82,10797,15508,26305,83,9697,14345,24042,84,8831,13528,22359,85,49260,96687,145947
26,MI,0,55392,52931,108323,1,56181,53720,109901,2,57592,55216,112808,3,59119,56353,115472,4,60315,57255,117570,5,60556,57744,118300,6,60599,57397,117996,7,60135,57422,117557,8,60852,57422,118274,9,61502,57753,119255,10,63008,59859,122867,11,64403,61337,125740,12,66495,63034,129529,13,66937,63415,130352,14,65941,62784,128725,15,66272,62817,129089,16,67400,64542,131942,17,66823,63712,130535,18,68045,65187,133232,19,66831,64190,131021,20,67778,66083,133861,21,69145,67393,136538,22,68963,66817,135780,23,68271,66060,134331,24,67804,64383,132187,25,67990,64544,132534,26,68408,65072,133480,27,68942,65870,134812,28,70026,67712,137738,29,71451,69501,140952,30,68975,67417,136392,31,64808,63182,127990,32,62580,61175,123755,33,61246,59749,120995,34,62139,60679,122818,35,61520,60287,121807,36,61030,59707,120737,37,61898,61100,122998,38,61878,60986,122864,39,61874,61341,123215,40,60911,60811,121722,41,59386,59737,119123,42,58728,58784,117512,43,56865,56934,113799,44,55753,56279,112032,45,56250,57051,113301,46,56402,57154,113556,47,58666,59320,117986,48,63604,63661,127265,49,68406,68242,136648,50,65937,65775,131712,51,64403,64045,128448,52,63605,63513,127118,53,64886,65412,130298,54,65958,66365,132323,55,68587,69718,138305,56,70889,71515,142404,57,70969,72050,143019,58,72189,73322,145511,59,71231,73467,144698,60,70273,72360,142633,61,70554,72642,143196,62,70570,73479,144049,63,67923,71415,139338,64,65290,69181,134471,65,62958,67264,130222,66,60460,64876,125336,67,58170,62781,120951,68,56632,61201,117833,69,51358,56728,108086,70,49097,54395,103492,71,47332,52994,100326,72,46853,52723,99576,73,46537,51867,98404,74,31761,36696,68457,75,31308,36323,67631,76,31169,36764,67933,77,30955,36971,67926,78,26120,31815,57935,79,22469,27964,50433,80,19996,25433,45429,81,18739,24211,42950,82,16682,22504,39186,83,14467,20293,34760,84,13336,19097,32433,85,67860,125433,193293
27,MN,0,34020,32543,66563,1,34523,33065,67588,2,35597,33798,69395,3,36727,35101,71828,4,37321,35825,73146,5,37512,36192,73704,6,37569,35897,73466,7,37411,35747,73158,8,37576,35406,72982,9,37613,35573,73186,10,38861,36739,75600,11,39615,37635,77250,12,40455,38833,79288,13,40146,38620,78766,14,39282,37681,76963,15,38868,37577,76445,16,39447,37793,77240,17,38513,36440,74953,18,36601,34882,71483,19,36523,35621,72144,20,35912,35242,71154,21,35555,35069,70624,22,35351,35172,70523,23,35098,34784,69882,24,35941,34859,70800,25,36685,35568,72253,26,37916,36178,74094,27,38375,36893,75268,28,38624,37108,75732,29,38566,36488,75054,30,38837,36679,75516,31,38802,37059,75861,32,39245,37373,76618,33,39797,38073,77870,34,40431,39045,79476,35,40597,39208,79805,36,40388,38896,79284,37,41143,39307,80450,38,40951,39248,80199,39,40597,38801,79398,40,39419,37277,76696,41,37679,35501,73180,42,36072,34411,70483,43,34366,32702,67068,44,33354,31737,65091,45,32979,31556,64535,46,31850,30367,62217,47,32236,30841,63077,48,34313,33030,67343,49,37178,35495,72673,50,36114,34582,70696,51,35156,33897,69053,52,34339,33125,67464,53,34883,34067,68950,54,35816,35336,71152,55,37822,37224,75046,56,39232,38278,77510,57,39617,39232,78849,58,40399,40090,80489,59,40331,39942,80273,60,39670,39172,78842,61,38476,38777,77253,62,37729,38373,76102,63,36451,36468,72919,64,35055,35050,70105,65,33694,34101,67795,66,32233,32945,65178,67,30934,31996,62930,68,29896,31201,61097,69,27150,28532,55682,70,25875,27272,53147,71,24381,26164,50545,72,23848,25954,49802,73,23555,25529,49084,74,16196,18273,34469,75,16257,18218,34475,76,16045,18202,34247,77,15702,18230,33932,78,13265,15825,29090,79,11861,14472,26333,80,10748,13352,24100,81,10171,12772,22943,82,9140,11794,20934,83,8131,10993,19124,84,7506,10237,17743,85,39916,71853,111769
28,MS,0,17923,17215,35138,1,18156,17448,35604,2,18485,17877,36362,3,18519,18013,36532,4,18778,18339,37117,5,18758,18476,37234,6,18903,18148,37051,7,18825,18282,37107,8,19182,18672,37854,9,19496,18631,38127,10,20434,19312,39746,11,21494,20630,42124,12,22448,21409,43857,13,22670,21429,44099,14,21373,20546,41919,15,21037,19943,40980,16,21130,20024,41154,17,20573,19677,40250,18,20183,19303,39486,19,20952,20072,41024,20,20591,19861,40452,21,20074,19826,39900,22,20175,19697,39872,23,19808,19224,39032,24,19369,19032,38401,25,19115,19219,38334,26,19566,19349,38915,27,19703,19754,39457,28,20051,20150,40201,29,19987,20422,40409,30,19584,20258,39842,31,18649,19462,38111,32,17796,18467,36263,33,17567,18321,35888,34,17875,18639,36514,35,17896,18880,36776,36,17862,18824,36686,37,18594,19324,37918,38,18724,19387,38111,39,19013,19630,38643,40,18523,19297,37820,41,17660,18795,36455,42,17470,18613,36083,43,17164,18139,35303,44,16742,17845,34587,45,16676,17716,34392,46,16490,17536,34026,47,16978,18273,35251,48,18152,19081,37233,49,19139,19902,39041,50,18075,18973,37048,51,17441,18351,35792,52,17251,18089,35340,53,17329,18226,35555,54,17772,18711,36483,55,18638,19805,38443,56,19026,20158,39184,57,19172,20183,39355,58,19273,20650,39923,59,18976,20594,39570,60,18687,20482,39169,61,18321,20102,38423,62,18343,19722,38065,63,17895,19567,37462,64,17212,19082,36294,65,16823,18760,35583,66,15837,18087,33924,67,15028,17182,32210,68,14579,16833,31412,69,13665,15923,29588,70,13346,15301,28647,71,12896,14855,27751,72,12860,14813,27673,73,12910,14592,27502,74,8756,10571,19327,75,8492,10540,19032,76,8329,10318,18647,77,7988,10170,18158,78,6812,8798,15610,79,6048,8220,14268,80,5372,7661,13033,81,5103,7207,12310,82,4616,6645,11261,83,3922,5822,9744,84,3553,5429,8982,85,15880,31950,47830
29,MO,0,36459,34878,71337,1,36999,35302,72301,2,37646,35694,73340,3,38313,36150,74463,4,38689,36833,75522,5,38930,37111,76041,6,38764,36939,75703,7,38513,36828,75341,8,38904,36922,75826,9,39425,37104,76529,10,40326,38000,78326,11,41430,39315,80745,12,42609,40610,83219,13,42311,40396,82707,14,41644,39592,81236,15,40913,39090,80003,16,41358,39379,80737,17,40714,38581,79295,18,39601,36930,76531,19,41108,39232,80340,20,41003,39585,80588,21,41039,39546,80585,22,40577,39520,80097,23,40254,39038,79292,24,39978,39072,79050,25,40052,39131,79183,26,40749,39727,80476,27,41530,40766,82296,28,42240,42483,84723,29,42305,42439,84744,30,41248,41531,82779,31,39988,40623,80611,32,39167,39634,78801,33,39924,39577,79501,34,40747,40248,80995,35,40265,40131,80396,36,39983,39705,79688,37,40824,40567,81391,38,40210,40034,80244,39,40116,40118,80234,40,39358,39243,78601,41,37906,37352,75258,42,37112,36689,73801,43,35521,35568,71089,44,34356,34642,68998,45,34488,34829,69317,46,33910,33982,67892,47,34800,35167,69967,48,37385,37438,74823,49,39787,39706,79493,50,37695,37815,75510,51,36617,36656,73273,52,35759,36004,71763,53,36598,37255,73853,54,37433,38153,75586,55,39816,40931,80747,56,41580,42312,83892,57,42171,43149,85320,58,43111,44459,87570,59,42610,44335,86945,60,41804,43426,85230,61,41057,42652,83709,62,40501,42813,83314,63,39205,41807,81012,64,37605,40299,77904,65,36098,38951,75049,66,34616,37711,72327,67,33064,36408,69472,68,31826,35613,67439,69,29271,33269,62540,70,28125,32070,60195,71,27446,31105,58551,72,27338,31171,58509,73,27260,31064,58324,74,18717,22192,40909,75,18974,22194,41168,76,18753,22422,41175,77,18233,22189,40422,78,15550,19297,34847,79,13832,17523,31355,80,12237,16022,28259,81,11474,15345,26819,82,10372,14031,24403,83,9089,12615,21704,84,8339,11948,20287,85,42313,78763,121076
30,MT,0,5809,5522,11331,1,5874,5589,11463,2,6133,5837,11970,3,6398,6140,12538,4,6660,6280,12940,5,6760,6371,13131,6,6660,6313,12973,7,6726,6217,12943,8,6714,6265,12979,9,6671,6324,12995,10,6786,6547,13333,11,7154,6640,13794,12,7346,6869,14215,13,7317,6759,14076,14,6963,6583,13546,15,6789,6475,13264,16,6936,6587,13523,17,6731,6373,13104,18,6533,6154,12687,19,7276,6300,13576,20,7353,6513,13866,21,7650,6759,14409,22,7636,6989,14625,23,7699,6916,14615,24,7496,6714,14210,25,7164,6689,13853,26,7280,6714,13994,27,7390,6863,14253,28,7499,6989,14488,29,7226,6919,14145,30,7146,6908,14054,31,7005,6706,13711,32,6960,6613,13573,33,6835,6559,13394,34,6976,6701,13677,35,7092,6843,13935,36,7243,6822,14065,37,7467,6941,14408,38,7301,6876,14177,39,7255,6757,14012,40,7091,6645,13736,41,6883,6398,13281,42,6751,6298,13049,43,6399,6145,12544,44,6096,5838,11934,45,5881,5704,11585,46,5896,5472,11368,47,5917,5511,11428,48,6124,5804,11928,49,6605,6283,12888,50,6288,5991,12279,51,6069,5874,11943,52,5953,5755,11708,53,6001,5858,11859,54,6161,6140,12301,55,6660,6750,13410,56,7007,7109,14116,57,7257,7305,14562,58,7641,7621,15262,59,7593,7857,15450,60,7577,7854,15431,61,7746,7902,15648,62,7840,8053,15893,63,7664,8014,15678,64,7561,7890,15451,65,7372,7782,15154,66,7402,7604,15006,67,7354,7356,14710,68,7192,7107,14299,69,6522,6570,13092,70,6282,6311,12593,71,6040,6011,12051,72,6031,5833,11864,73,5941,5706,11647,74,4079,4065,8144,75,3991,4002,7993,76,3873,3963,7836,77,3789,3856,7645,78,3185,3326,6511,79,2881,3081,5962,80,2536,2736,5272,81,2310,2616,4926,82,2076,2336,4412,83,1809,2158,3967,84,1637,1974,3611,85,8177,12776,20953
31,NE,0,12876,12252,25128,1,13033,12330,25363,2,13303,12665,25968,3,13592,13143,26735,4,13871,13223,27094,5,14248,13206,27454,6,13864,13206,27070,7,13770,12979,26749,8,13591,12994,26585,9,13754,12951,26705,10,14273,13343,27616,11,14596,13779,28375,12,14826,13888,28714,13,14583,13716,28299,14,14168,13632,27800,15,14155,13415,27570,16,14262,13348,27610,17,13843,13241,27084,18,13324,13060,26384,19,14536,13933,28469,20,14480,14044,28524,21,14339,13476,27815,22,13377,13269,26646,23,13543,12838,26381,24,13337,12573,25910,25,13217,12506,25723,26,13120,12634,25754,27,13299,12632,25931,28,13294,12742,26036,29,12805,12243,25048,30,12793,12038,24831,31,12711,11881,24592,32,12913,12173,25086,33,13076,12492,25568,34,13338,12688,26026,35,13652,12770,26422,36,13497,12881,26378,37,13886,13156,27042,38,13775,13000,26775,39,13698,12869,26567,40,13139,12508,25647,41,12399,11805,24204,42,12114,11526,23640,43,11644,11053,22697,44,11297,10726,22023,45,11360,10853,22213,46,10832,10342,21174,47,10859,10388,21247,48,11563,11062,22625,49,12123,11265,23388,50,11530,10914,22444,51,11113,10616,21729,52,10770,10248,21018,53,10883,10525,21408,54,11253,10828,22081,55,11917,11597,23514,56,12348,12121,24469,57,12535,12373,24908,58,12808,12850,25658,59,12722,12780,25502,60,12637,12548,25185,61,12469,12369,24838,62,12204,12294,24498,63,11857,11895,23752,64,11569,11698,23267,65,11048,11443,22491,66,10575,11076,21651,67,10214,10673,20887,68,9959,10548,20507,69,9039,9801,18840,70,8667,9393,18060,71,8351,9047,17398,72,8070,8799,16869,73,7935,8639,16574,74,5461,6087,11548,75,5417,6202,11619,76,5437,6203,11640,77,5119,5993,11112,78,4340,5246,9586,79,3829,4823,8652,80,3542,4521,8063,81,3400,4438,7838,82,3071,4185,7256,83,2830,3844,6674,84,2560,3662,6222,85,13952,25109,39061
32,NV,0,17939,17160,35099,1,18126,17345,35471,2,18542,17587,36129,3,19168,18309,37477,4,19542,18851,38393,5,19819,18877,38696,6,19523,18593,38116,7,19668,18834,38502,8,19960,18453,38413,9,20181,19312,39493,10,20555,19560,40115,11,21006,20192,41198,12,21973,20868,42841,13,21518,20697,42215,14,20803,19959,40762,15,20305,19589,39894,16,20286,19353,39639,17,19982,19014,38996,18,18393,17014,35407,19,17081,15561,32642,20,17239,15987,33226,21,17695,16719,34414,22,18190,17637,35827,23,19113,18733,37846,24,20314,19641,39955,25,20934,20501,41435,26,21766,21102,42868,27,22630,21692,44322,28,23421,22894,46315,29,24160,23619,47779,30,24215,23338,47553,31,23377,22548,45925,32,23251,22031,45282,33,22969,21650,44619,34,22945,21746,44691,35,22751,21587,44338,36,22476,21407,43883,37,22568,21829,44397,38,22356,21491,43847,39,22205,21202,43407,40,21893,20612,42505,41,20685,19759,40444,42,20368,19614,39982,43,19641,19327,38968,44,19376,19034,38410,45,19681,18977,38658,46,19197,18788,37985,47,19761,19212,38973,48,20559,20217,40776,49,22165,20976,43141,50,21616,20165,41781,51,20488,19456,39944,52,19701,18916,38617,53,19766,18751,38517,54,20018,18794,38812,55,20555,19726,40281,56,20267,19809,40076,57,20140,19763,39903,58,20332,19857,40189,59,20000,19689,39689,60,19684,19372,39056,61,18848,18963,37811,62,18838,19109,37947,63,18132,18784,36916,64,17803,18713,36516,65,17468,18628,36096,66,16562,17847,34409,67,16124,17354,33478,68,15512,16885,32397,69,14700,16015,30715,70,14544,15875,30419,71,14220,15453,29673,72,14610,15504,30114,73,14820,15333,30153,74,10413,11132,21545,75,10145,11038,21183,76,9865,10769,20634,77,9522,10280,19802,78,7986,8715,16701,79,6925,7726,14651,80,6387,6969,13356,81,5734,6317,12051,82,5163,5624,10787,83,4362,4955,9317,84,3772,4468,8240,85,17312,24257,41569
33,NH,0,6158,5924,12082,1,6238,6114,12352,2,6394,6191,12585,3,6718,6353,13071,4,6866,6564,13430,5,6943,6580,13523,6,6958,6600,13558,7,7126,6772,13898,8,7159,6736,13895,9,7460,6946,14406,10,7480,7187,14667,11,7830,7387,15217,12,8115,7609,15724,13,8220,7811,16031,14,8171,7799,15970,15,8293,7882,16175,16,8430,8204,16634,17,8523,8136,16659,18,8873,8803,17676,19,9297,9251,18548,20,9358,9220,18578,21,9241,9234,18475,22,8840,8395,17235,23,8401,7811,16212,24,8618,7856,16474,25,8712,7970,16682,26,8866,8230,17096,27,9068,8430,17498,28,9080,8572,17652,29,9104,8418,17522,30,9155,8383,17538,31,9049,8487,17536,32,8974,8535,17509,33,8986,8580,17566,34,8944,8589,17533,35,8751,8414,17165,36,8488,8195,16683,37,8666,8349,17015,38,8646,8183,16829,39,8488,8251,16739,40,8212,8046,16258,41,7930,7822,15752,42,7733,7772,15505,43,7463,7519,14982,44,7511,7510,15021,45,7666,7727,15393,46,7843,7762,15605,47,8231,8211,16442,48,9043,9114,18157,49,9924,9738,19662,50,9661,9495,19156,51,9620,9571,19191,52,9481,9541,19022,53,9900,9889,19789,54,10094,10213,20307,55,10721,10831,21552,56,11040,11245,22285,57,11098,11321,22419,58,11288,11479,22767,59,11289,11441,22730,60,11073,11229,22302,61,11027,11268,22295,62,10904,10887,21791,63,10381,10576,20957,64,9917,10035,19952,65,9574,9827,19401,66,9092,9465,18557,67,8709,8993,17702,68,8349,8710,17059,69,7523,7936,15459,70,7290,7720,15010,71,7225,7664,14889,72,7364,7807,15171,73,7237,7684,14921,74,4723,5288,10011,75,4677,5211,9888,76,4632,5091,9723,77,4499,5072,9571,78,3722,4337,8059,79,3159,3749,6908,80,2789,3387,6176,81,2615,3175,5790,82,2315,2943,5258,83,1985,2700,4685,84,1896,2637,4533,85,9857,17971,27828
34,NJ,0,52888,50456,103344,1,53984,51257,105241,2,55069,52376,107445,3,55836,53111,108947,4,56350,53958,110308,5,56311,54006,110317,6,56139,53646,109785,7,56472,54245,110717,8,57380,54642,112022,9,58259,55459,113718,10,59176,56443,115619,11,60451,57740,118191,12,62294,59731,122025,13,62145,59776,121921,14,61447,58775,120222,15,61448,58743,120191,16,62369,59914,122283,17,62103,58856,120959,18,59293,55397,114690,19,55353,52040,107393,20,55672,53353,109025,21,56216,54843,111059,22,56218,54977,111195,23,56175,54904,111079,24,57276,55316,112592,25,57968,56278,114246,26,58489,57512,116001,27,60127,58469,118596,28,60104,58517,118621,29,60785,59100,119885,30,60999,59603,120602,31,61117,58774,119891,32,60613,58875,119488,33,61014,59485,120499,34,62008,60484,122492,35,61490,60338,121828,36,61223,60170,121393,37,62108,61228,123336,38,61929,61246,123175,39,61566,61394,122960,40,61329,61232,122561,41,59559,60117,119676,42,59430,59618,119048,43,58177,58349,116526,44,57649,57897,115546,45,57969,58332,116301,46,56934,57591,114525,47,58218,59007,117225,48,61922,62448,124370,49,65709,66638,132347,50,64268,65404,129672,51,62819,64531,127350,52,62070,64068,126138,53,63188,65559,128747,54,64517,66691,131208,55,66207,68973,135180,56,66695,69342,136037,57,66506,68649,135155,58,66496,68118,134614,59,65492,67522,133014,60,63954,65983,129937,61,62251,65198,127449,62,60750,64238,124988,63,57870,61539,119409,64,54781,59351,114132,65,52425,56984,109409,66,49088,53719,102807,67,46576,51570,98146,68,43973,49886,93859,69,40833,46939,87772,70,39223,45624,84847,71,37652,44521,82173,72,38086,45233,83319,73,38411,45521,83932,74,27272,33817,61089,75,26290,32825,59115,76,25715,32449,58164,77,25669,33135,58804,78,21446,28468,49914,79,18616,25326,43942,80,17010,23629,40639,81,16060,22415,38475,82,14714,21279,35993,83,13012,19127,32139,84,11788,17957,29745,85,64788,125467,190255
35,NM,0,11508,11093,22601,1,11649,11427,23076,2,12149,11662,23811,3,12547,11958,24505,4,12855,12615,25470,5,13156,12790,25946,6,13419,12770,26189,7,13572,12840,26412,8,13653,13096,26749,9,13898,13441,27339,10,14466,13782,28248,11,14764,14334,29098,12,15295,14552,29847,13,15189,14475,29664,14,14565,14259,28824,15,14499,14084,28583,16,14607,14014,28621,17,14650,14002,28652,18,14579,13602,28181,19,14792,13762,28554,20,14866,13758,28624,21,14785,13814,28599,22,14241,13382,27623,23,14269,13330,27599,24,14299,13069,27368,25,14422,13236,27658,26,14514,13391,27905,27,14798,13784,28582,28,15152,14147,29299,29,14783,14187,28970,30,14609,13919,28528,31,14387,13481,27868,32,14424,13386,27810,33,14461,13558,28019,34,14544,13693,28237,35,14382,13788,28170,36,14338,13707,28045,37,14538,13723,28261,38,14114,13466,27580,39,13881,13339,27220,40,13548,12932,26480,41,12725,12474,25199,42,12528,12273,24801,43,12153,11802,23955,44,11923,11623,23546,45,11638,11687,23325,46,11279,11379,22658,47,11575,11665,23240,48,12009,12078,24087,49,12521,12519,25040,50,12048,12279,24327,51,11805,11952,23757,52,11544,11642,23186,53,11792,12008,23800,54,11826,12281,24107,55,12583,13242,25825,56,13020,13703,26723,57,13449,14103,27552,58,14113,14540,28653,59,13838,14629,28467,60,13584,14511,28095,61,13209,14150,27359,62,13356,14394,27750,63,13062,14308,27370,64,12594,14196,26790,65,12466,13791,26257,66,12177,13542,25719,67,11782,13521,25303,68,11628,13153,24781,69,10999,12270,23269,70,11069,11983,23052,71,10666,11680,22346,72,10527,11588,22115,73,10297,11243,21540,74,7386,8359,15745,75,7276,8188,15464,76,6913,7933,14846,77,6647,7648,14295,78,5646,6626,12272,79,5114,5949,11063,80,4531,5476,10007,81,4238,5235,9473,82,3851,4763,8614,83,3472,4196,7668,84,3082,3959,7041,85,14730,23495,38225
36,NY,0,117178,112282,229460,1,116680,112042,228722,2,118572,112929,231501,3,119109,113293,232402,4,119764,114205,233969,5,119392,114925,234317,6,118051,112503,230554,7,118944,113473,232417,8,119497,113495,232992,9,120224,113717,233941,10,119744,113875,233619,11,120695,114218,234913,12,123651,117376,241027,13,123211,117038,240249,14,121235,115469,236704,15,122044,116201,238245,16,124526,118663,243189,17,123929,118347,242276,18,129143,125661,254804,19,128747,126350,255097,20,129305,126694,255999,21,127349,126380,253729,22,124322,125060,249382,23,126895,130496,257391,24,133155,137676,270831,25,138003,142368,280371,26,142997,145626,288623,27,146010,147623,293633,28,147113,149440,296553,29,152718,152339,305057,30,152970,151865,304835,31,149492,147523,297015,32,146273,146420,292693,33,143783,143245,287028,34,142693,140730,283423,35,139456,138073,277529,36,134725,134431,269156,37,134408,134854,269262,38,131530,132117,263647,39,130250,130737,260987,40,129077,129520,258597,41,123427,125012,248439,42,121001,123239,244240,43,117689,120972,238661,44,116229,119901,236130,45,117913,120546,238459,46,114174,117751,231925,47,116272,120348,236620,48,123584,127171,250755,49,133484,137147,270631,50,132803,135410,268213,51,129139,132825,261964,52,127135,131703,258838,53,129296,134982,264278,54,132963,139161,272124,55,138203,144711,282914,56,138526,145499,284025,57,136873,144295,281168,58,136770,143665,280435,59,136117,143679,279796,60,134902,142403,277305,61,131188,139398,270586,62,129170,137578,266748,63,123151,132543,255694,64,118661,128566,247227,65,114844,125313,240157,66,107682,118543,226225,67,102858,114499,217357,68,99182,111478,210660,69,92051,105996,198047,70,89325,104175,193500,71,85434,100833,186267,72,84622,100385,185007,73,83909,98866,182775,74,59422,74379,133801,75,57914,73079,130993,76,55860,71544,127404,77,55051,71551,126602,78,46984,62430,109414,79,41568,56677,98245,80,38052,53333,91385,81,35461,50807,86268,82,32766,47576,80342,83,28872,43157,72029,84,26652,40919,67571,85,148594,285292,433886
37,NC,0,59104,56759,115863,1,59369,57483,116852,2,61059,58128,119187,3,62009,59034,121043,4,63136,60290,123426,5,63299,60796,124095,6,63131,60681,123812,7,63008,60863,123871,8,63621,61479,125100,9,64650,61778,126428,10,67468,64180,131648,11,69527,66585,136112,12,71835,68455,140290,13,71669,68085,139754,14,69730,66665,136395,15,68577,66034,134611,16,69023,66370,135393,17,68147,65691,133838,18,71548,69744,141292,19,76271,72293,148564,20,74780,69565,144345,21,73062,66805,139867,22,70584,65729,136313,23,68011,65226,133237,24,67999,65549,133548,25,68504,67302,135806,26,69919,69202,139121,27,71106,70153,141259,28,71820,71830,143650,29,72625,73128,145753,30,70865,72929,143794,31,68606,71690,140296,32,66806,69550,136356,33,65777,68275,134052,34,66071,67707,133778,35,65161,66990,132151,36,64366,66466,130832,37,66067,68276,134343,38,65381,67810,133191,39,65442,68004,133446,40,65251,67676,132927,41,63578,66605,130183,42,63743,66694,130437,43,62364,65223,127587,44,61342,64327,125669,45,62451,65348,127799,46,62581,64757,127338,47,65276,67063,132339,48,69421,71091,140512,49,73015,75587,148602,50,69453,71879,141332,51,67478,68853,136331,52,65583,67023,132606,53,65728,67865,133593,54,66214,68380,134594,55,68179,71589,139768,56,69402,72768,142170,57,68289,72563,140852,58,68277,72692,140969,59,67215,72047,139262,60,65522,70885,136407,61,64340,70406,134746,62,64051,70073,134124,63,61914,68070,129984,64,59849,67051,126900,65,57878,65687,123565,66,55836,64220,120056,67,53770,62266,116036,68,52234,60817,113051,69,48436,56820,105256,70,47295,55266,102561,71,46428,54400,100828,72,46815,54785,101600,73,47079,54220,101299,74,32571,39081,71652,75,31943,38457,70400,76,30912,37619,68531,77,29955,36717,66672,78,24839,31401,56240,79,21909,28055,49964,80,19381,25566,44947,81,17712,24007,41719,82,15758,22426,38184,83,13712,19921,33633,84,12600,18836,31436,85,59216,112799,172015
38,ND,0,5428,5133,10561,1,5438,5068,10506,2,5596,5136,10732,3,5751,5359,11110,4,5717,5444,11161,5,5580,5470,11050,6,5451,5299,10750,7,5375,5141,10516,8,5309,5042,10351,9,5179,4932,10111,10,5309,5093,10402,11,5347,5202,10549,12,5402,5171,10573,13,5377,5045,10422,14,5150,4903,10053,15,5010,4691,9701,16,4817,4702,9519,17,4642,4496,9138,18,4939,4647,9586,19,6469,5443,11912,20,6355,5849,12204,21,6578,5943,12521,22,7077,6125,13202,23,6850,6041,12891,24,6349,5646,11995,25,6235,5455,11690,26,6140,5363,11503,27,6221,5423,11644,28,6322,5477,11799,29,6413,5521,11934,30,6283,5407,11690,31,5974,5184,11158,32,5882,4957,10839,33,5870,4958,10828,34,6028,5083,11111,35,5949,5046,10995,36,5718,4963,10681,37,5796,5060,10856,38,5568,4882,10450,39,5443,4733,10176,40,5188,4469,9657,41,4917,4294,9211,42,4811,4130,8941,43,4443,3904,8347,44,4231,3743,7974,45,4206,3785,7991,46,4071,3645,7716,47,4060,3662,7722,48,4202,3735,7937,49,4388,3934,8322,50,4216,3837,8053,51,4219,3781,8000,52,4070,3743,7813,53,4148,3875,8023,54,4220,4010,8230,55,4479,4340,8819,56,4735,4458,9193,57,4853,4665,9518,58,5012,4773,9785,59,5067,4785,9852,60,5062,4821,9883,61,4993,4805,9798,62,4980,4723,9703,63,4758,4634,9392,64,4654,4564,9218,65,4490,4410,8900,66,4281,4133,8414,67,4204,3992,8196,68,4064,3834,7898,69,3549,3449,6998,70,3326,3275,6601,71,3210,3118,6328,72,3118,3073,6191,73,3005,3057,6062,74,2099,2316,4415,75,2096,2291,4387,76,2106,2229,4335,77,2001,2176,4177,78,1685,1935,3620,79,1521,1771,3292,80,1340,1687,3027,81,1309,1720,3029,82,1211,1636,2847,83,1105,1561,2666,84,1058,1463,2521,85,5961,11261,17222
39,OH,0,67807,64855,132662,1,68707,66094,134801,2,70428,67849,138277,3,71763,68340,140103,4,73216,69784,143000,5,73417,70422,143839,6,73334,70255,143589,7,73319,70198,143517,8,73630,69081,142711,9,73639,69336,142975,10,75519,71922,147441,11,77450,74415,151865,12,79711,75955,155666,13,80062,76096,156158,14,78557,75084,153641,15,77874,74412,152286,16,79258,75825,155083,17,78462,74984,153446,18,77907,74031,151938,19,80583,76507,157090,20,77476,74139,151615,21,75521,73229,148750,22,74741,73678,148419,23,74538,72903,147441,24,75935,73493,149428,25,76502,74560,151062,26,77829,75753,153582,27,79358,77796,157154,28,80326,79737,160063,29,80997,80441,161438,30,80279,80119,160398,31,78979,78145,157124,32,76726,75417,152143,33,75499,74304,149803,34,75558,74665,150223,35,74352,74016,148368,36,72995,72831,145826,37,74143,74275,148418,38,74566,74199,148765,39,74843,74343,149186,40,73586,73203,146789,41,71249,70942,142191,42,69752,69528,139280,43,67492,67556,135048,44,66087,66556,132643,45,67116,67328,134444,46,66441,66310,132751,47,68782,68728,137510,48,74399,74219,148618,49,79771,79274,159045,50,76119,75870,151989,51,74003,73830,147833,52,72575,71962,144537,53,74058,74083,148141,54,74992,75784,150776,55,78239,79858,158097,56,79806,81442,161248,57,79412,82123,161535,58,81649,84126,165775,59,81558,84361,165919,60,80606,83524,164130,61,80650,84564,165214,62,80704,85071,165775,63,77646,82093,159739,64,74421,78986,153407,65,72019,77206,149225,66,68333,73923,142256,67,65727,71370,137097,68,63763,69747,133510,69,58179,64840,123019,70,55984,63060,119044,71,54053,62030,116083,72,53720,62254,115974,73,53925,60949,114874,74,35336,41958,77294,75,34258,41100,75358,76,33748,41610,75358,77,33926,42610,76536,78,29028,37417,66445,79,25384,33625,59009,80,22663,30959,53622,81,21546,29668,51214,82,19715,27861,47576,83,17132,25237,42369,84,15604,23420,39024,85,80268,152565,232833
40,OK,0,24605,23508,48113,1,25046,23844,48890,2,25777,24284,50061,3,26521,25095,51616,4,27185,26032,53217,5,27228,26042,53270,6,27519,26005,53524,7,27527,26209,53736,8,27322,26195,53517,9,27509,26288,53797,10,28103,26770,54873,11,28724,27452,56176,12,29306,27981,57287,13,29144,27791,56935,14,28064,26850,54914,15,27873,26431,54304,16,27875,26689,54564,17,27558,26219,53777,18,27183,25195,52378,19,27938,25966,53904,20,28406,26294,54700,21,28167,26536,54703,22,28603,26502,55105,23,28130,26038,54168,24,27468,25444,52912,25,27125,25215,52340,26,27052,25665,52717,27,27557,26259,53816,28,28162,27516,55678,29,28206,27819,56025,30,27238,27380,54618,31,26735,26387,53122,32,26245,25810,52055,33,26272,25451,51723,34,26727,26108,52835,35,26843,26100,52943,36,27036,26323,53359,37,27496,27117,54613,38,27330,26330,53660,39,26859,26074,52933,40,26137,25611,51748,41,24698,24190,48888,42,24181,23431,47612,43,23535,22867,46402,44,22949,22509,45458,45,22876,22559,45435,46,22171,21831,44002,47,22569,22279,44848,48,23568,23366,46934,49,25024,24098,49122,50,23823,23157,46980,51,22707,22227,44934,52,21870,21630,43500,53,21927,21866,43793,54,22595,22387,44982,55,23664,24099,47763,56,24357,25196,49553,57,25019,25632,50651,58,25399,26022,51421,59,25093,25959,51052,60,24736,25692,50428,61,23932,25303,49235,62,23787,25200,48987,63,22981,24618,47599,64,22430,23954,46384,65,21860,23416,45276,66,20864,22695,43559,67,19816,21901,41717,68,18943,21125,40068,69,17591,19680,37271,70,17012,19120,36132,71,16308,18586,34894,72,16355,18657,35012,73,16432,18661,35093,74,11573,13575,25148,75,11688,13796,25484,76,11367,13854,25221,77,10816,13237,24053,78,9239,11487,20726,79,8283,10573,18856,80,7606,9827,17433,81,7045,9183,16228,82,6297,8370,14667,83,5419,7418,12837,84,4964,6947,11911,85,24556,42622,67178
41,OR,0,21364,20354,41718,1,21737,20602,42339,2,22521,21415,43936,3,23571,22391,45962,4,24224,23204,47428,5,24750,23351,48101,6,24779,23400,48179,7,24712,23409,48121,8,24981,23546,48527,9,25160,24113,49273,10,26015,24598,50613,11,26554,25194,51748,12,27274,26018,53292,13,26981,25740,52721,14,26257,24863,51120,15,25907,24413,50320,16,26146,24855,51001,17,25815,24365,50180,18,25365,24050,49415,19,25177,24174,49351,20,25696,24362,50058,21,25760,25121,50881,22,26131,25784,51915,23,27191,26289,53480,24,27551,26587,54138,25,28290,27169,55459,26,28924,27978,56902,27,29870,28755,58625,28,30791,30283,61074,29,32014,31365,63379,30,31887,30670,62557,31,30901,30035,60936,32,30464,29590,60054,33,30566,29454,60020,34,30893,29810,60703,35,30803,29679,60482,36,30600,29600,60200,37,31053,30185,61238,38,30757,30000,60757,39,30693,29708,60401,40,30144,29312,59456,41,28982,27975,56957,42,28618,27630,56248,43,27686,26678,54364,44,27007,25905,52912,45,26829,25451,52280,46,25798,24717,50515,47,25680,24906,50586,48,27309,25785,53094,49,29141,27471,56612,50,27616,26735,54351,51,26334,25654,51988,52,24831,24294,49125,53,24906,24471,49377,54,24963,24496,49459,55,25608,25408,51016,56,25991,26203,52194,57,26209,27126,53335,58,26799,27920,54719,59,26813,27903,54716,60,26397,27988,54385,61,26178,27978,54156,62,26621,28634,55255,63,26520,28406,54926,64,26100,28244,54344,65,25926,28244,54170,66,25822,28286,54108,67,25345,27876,53221,68,24698,26956,51654,69,22831,25038,47869,70,22188,24259,46447,71,21515,23594,45109,72,21476,23454,44930,73,21326,23285,44611,74,14515,16354,30869,75,14612,16048,30660,76,14117,15830,29947,77,13535,15276,28811,78,11135,13053,24188,79,9892,11593,21485,80,8933,10327,19260,81,8025,9598,17623,82,7057,8912,15969,83,6241,7880,14121,84,5633,7241,12874,85,28814,47542,76356
42,PA,0,68864,65672,134536,1,70127,66713,136840,2,72033,68251,140284,3,73079,69539,142618,4,74267,71182,145449,5,75247,71709,146956,6,75351,71686,147037,7,75097,72181,147278,8,75809,72228,148037,9,76434,72583,149017,10,78413,74430,152843,11,80614,76274,156888,12,82890,78292,161182,13,82347,78285,160632,14,81221,77137,158358,15,81085,77307,158392,16,82968,78609,161577,17,82358,77742,160100,18,85006,83140,168146,19,89150,87889,177039,20,84406,83202,167608,21,82145,80015,162160,22,78839,76907,155746,23,77715,75076,152791,24,79856,76786,156642,25,81541,78508,160049,26,83852,81189,165041,27,86079,83217,169296,28,87365,84558,171923,29,89517,85967,175484,30,90898,87530,178428,31,90101,87262,177363,32,88221,85983,174204,33,87059,84523,171582,34,86433,83800,170233,35,84188,81877,166065,36,83216,80555,163771,37,83510,81448,164958,38,82486,80737,163223,39,81663,80190,161853,40,79565,78828,158393,41,76913,76531,153444,42,75930,75599,151529,43,73558,73195,146753,44,72066,71409,143475,45,72483,72283,144766,46,72412,72096,144508,47,75358,74779,150137,48,81315,80475,161790,49,87434,86285,173719,50,84488,83828,168316,51,83212,82943,166155,52,82257,82542,164799,53,84273,85426,169699,54,85829,87247,173076,55,89546,91636,181182,56,91026,93077,184103,57,90534,93062,183596,58,92353,95243,187596,59,92772,95378,188150,60,91337,94691,186028,61,91518,95803,187321,62,92155,95935,188090,63,88503,92848,181351,64,85042,89885,174927,65,82414,87452,169866,66,78895,84762,163657,67,76236,82167,158403,68,73248,79522,152770,69,66415,73356,139771,70,63552,71110,134662,71,61837,70003,131840,72,62201,71220,133421,73,62620,70477,133097,74,41488,49305,90793,75,40660,48762,89422,76,40647,49994,90641,77,40687,50763,91450,78,34096,43857,77953,79,30180,39104,69284,80,26909,36056,62965,81,25640,34955,60595,82,23477,33058,56535,83,20643,30255,50898,84,18854,28579,47433,85,102238,200474,302712
44,RI,0,5461,5251,10712,1,5481,5344,10825,2,5750,5522,11272,3,5802,5474,11276,4,5971,5680,11651,5,5923,5599,11522,6,5839,5492,11331,7,5731,5579,11310,8,5918,5600,11518,9,5962,5496,11458,10,6024,5755,11779,11,6174,5840,12014,12,6390,6148,12538,13,6462,6170,12632,14,6530,6159,12689,15,6560,6137,12697,16,6631,6341,12972,17,6632,6407,13039,18,8114,8564,16678,19,9021,9584,18605,20,8460,8833,17293,21,8228,8134,16362,22,7450,7204,14654,23,7117,6738,13855,24,7108,6962,14070,25,7208,7053,14261,26,7560,7324,14884,27,7728,7391,15119,28,7851,7444,15295,29,8158,7729,15887,30,8224,7898,16122,31,7963,7932,15895,32,7807,7597,15404,33,7547,7265,14812,34,7439,7007,14446,35,7107,6970,14077,36,7035,6886,13921,37,7167,6937,14104,38,7101,6839,13940,39,7013,6804,13817,40,6831,6649,13480,41,6387,6452,12839,42,6269,6248,12517,43,6066,6052,12118,44,5972,5975,11947,45,5992,6211,12203,46,5976,6217,12193,47,6282,6391,12673,48,6659,6834,13493,49,7097,7409,14506,50,6964,7372,14336,51,6974,7333,14307,52,7103,7356,14459,53,7380,7638,15018,54,7455,7759,15214,55,7808,8164,15972,56,7688,8183,15871,57,7672,8200,15872,58,7871,8415,16286,59,7683,8321,16004,60,7527,8042,15569,61,7505,8074,15579,62,7500,8107,15607,63,7279,7788,15067,64,7069,7549,14618,65,6746,7290,14036,66,6257,6940,13197,67,6000,6586,12586,68,5720,6395,12115,69,5278,5893,11171,70,5199,5683,10882,71,4970,5568,10538,72,4860,5634,10494,73,4968,5632,10600,74,3420,4011,7431,75,3364,3967,7331,76,3273,3927,7200,77,3257,3984,7241,78,2596,3429,6025,79,2272,3093,5365,80,2096,2820,4916,81,1912,2638,4550,82,1727,2530,4257,83,1555,2342,3897,84,1420,2260,3680,85,8197,17186,25383
45,SC,0,28147,26908,55055,1,28526,27206,55732,2,29182,27775,56957,3,29689,28422,58111,4,30425,29262,59687,5,30948,29652,60600,6,30739,29213,59952,7,30567,29677,60244,8,31064,29899,60963,9,31432,30199,61631,10,32664,31738,64402,11,34019,33010,67029,12,34892,33756,68648,13,34902,33473,68375,14,33401,32249,65650,15,32689,31417,64106,16,32605,31534,64139,17,31828,31111,62939,18,33647,31964,65611,19,35989,33435,69424,20,34978,32442,67420,21,33970,31684,65654,22,33015,31237,64252,23,32198,31111,63309,24,31865,30968,62833,25,32059,31807,63866,26,32524,32729,65253,27,32984,33844,66828,28,33629,35030,68659,29,34615,36265,70880,30,34198,36218,70416,31,33186,35143,68329,32,31814,33689,65503,33,31399,32615,64014,34,31453,32644,64097,35,31249,32261,63510,36,31009,32417,63426,37,31552,33211,64763,38,31619,33011,64630,39,31694,33041,64735,40,30978,32444,63422,41,30378,31585,61963,42,29779,31338,61117,43,28957,30484,59441,44,28221,29732,57953,45,29012,30400,59412,46,29001,30467,59468,47,29966,31490,61456,48,31548,33022,64570,49,33538,34832,68370,50,32295,33391,65686,51,31280,32729,64009,52,30595,32091,62686,53,30854,32960,63814,54,31705,34010,65715,55,33028,35703,68731,56,33876,36681,70557,57,33468,36258,69726,58,33654,36774,70428,59,33434,36644,70078,60,33025,36103,69128,61,32376,35792,68168,62,32408,36315,68723,63,31839,35980,67819,64,31012,35528,66540,65,30551,35155,65706,66,29493,34527,64020,67,28666,33659,62325,68,28329,32933,61262,69,26371,31265,57636,70,26034,30515,56549,71,26028,29732,55760,72,26440,29913,56353,73,26637,29748,56385,74,18088,21303,39391,75,17959,20869,38828,76,17410,20345,37755,77,16767,19745,36512,78,13828,16743,30571,79,12172,14986,27158,80,10746,13330,24076,81,9649,12329,21978,82,8480,11239,19719,83,7115,9961,17076,84,6447,9170,15617,85,29623,53513,83136
46,SD,0,5926,5724,11650,1,5960,5801,11761,2,6120,6000,12120,3,6234,5974,12208,4,6366,5921,12287,5,6360,6017,12377,6,6290,5988,12278,7,6235,5941,12176,8,6204,5901,12105,9,6227,5870,12097,10,6465,5980,12445,11,6529,6171,12700,12,6710,6307,13017,13,6564,6248,12812,14,6287,6040,12327,15,6286,5859,12145,16,6286,5833,12119,17,5923,5588,11511,18,5700,5455,11155,19,6554,6025,12579,20,6268,5917,12185,21,6167,5803,11970,22,5975,5670,11645,23,6003,5485,11488,24,5854,5332,11186,25,5750,5288,11038,26,5815,5369,11184,27,5987,5436,11423,28,6045,5428,11473,29,5835,5338,11173,30,5794,5348,11142,31,5866,5422,11288,32,5723,5581,11304,33,5919,5486,11405,34,6161,5496,11657,35,6051,5402,11453,36,6008,5502,11510,37,5944,5488,11432,38,6122,5446,11568,39,6090,5383,11473,40,5792,5402,11194,41,5361,5048,10409,42,5150,4934,10084,43,5096,4715,9811,44,4978,4479,9457,45,4778,4413,9191,46,4603,4315,8918,47,4684,4341,9025,48,4874,4574,9448,49,5126,4855,9981,50,4980,4636,9616,51,4901,4542,9443,52,4811,4489,9300,53,4922,4693,9615,54,5108,4880,9988,55,5397,5247,10644,56,5745,5608,11353,57,5910,5822,11732,58,6067,5956,12023,59,6064,6097,12161,60,6049,6044,12093,61,5978,5949,11927,62,6112,5962,12074,63,5950,5870,11820,64,5846,5784,11630,65,5802,5685,11487,66,5622,5585,11207,67,5463,5274,10737,68,5224,5154,10378,69,4813,4712,9525,70,4515,4500,9015,71,4260,4164,8424,72,4121,3958,8079,73,3943,3782,7725,74,2692,2723,5415,75,2568,2747,5315,76,2508,2792,5300,77,2426,2710,5136,78,2059,2303,4362,79,1795,2057,3852,80,1657,2023,3680,81,1576,1930,3506,82,1335,1810,3145,83,1243,1701,2944,84,1223,1665,2888,85,6450,12294,18744
47,TN,0,40708,39009,79717,1,40965,39399,80364,2,41890,39912,81802,3,42125,40026,82151,4,42834,41075,83909,5,42936,41157,84093,6,42565,40536,83101,7,42532,40823,83355,8,42932,40702,83634,9,42748,40741,83489,10,44232,42176,86408,11,45762,43999,89761,12,47623,45400,93023,13,47085,44908,91993,14,45911,43802,89713,15,45071,43273,88344,16,45420,43762,89182,17,44582,43258,87840,18,43341,41183,84524,19,42948,41000,83948,20,43773,42414,86187,21,43941,43172,87113,22,44009,43717,87726,23,45201,44901,90102,24,46131,45865,91996,25,46585,46832,93417,26,47576,47864,95440,27,48196,48567,96763,28,49593,50140,99733,29,50365,50648,101013,30,48947,49381,98328,31,46851,47929,94780,32,45088,46429,91517,33,44205,45331,89536,34,44915,45109,90024,35,43863,44274,88137,36,43369,44189,87558,37,44498,44876,89374,38,44195,44836,89031,39,44073,44805,88878,40,43981,44565,88546,41,42669,43464,86133,42,41990,43062,85052,43,41272,42072,83344,44,40218,40952,81170,45,41381,41942,83323,46,41014,41689,82703,47,42505,43299,85804,48,44919,45726,90645,49,47650,48353,96003,50,45602,46097,91699,51,43879,44250,88129,52,42386,42935,85321,53,42796,43993,86789,54,43815,45213,89028,55,45679,47776,93455,56,46421,48451,94872,57,45538,48193,93731,58,45510,48217,93727,59,44633,47682,92315,60,44144,47206,91350,61,43265,46660,89925,62,43240,46690,89930,63,41751,45778,87529,64,40412,44783,85195,65,39335,43538,82873,66,37974,42274,80248,67,35919,40878,76797,68,34660,39563,74223,69,32438,37098,69536,70,31517,36117,67634,71,31215,35850,67065,72,31591,36020,67611,73,31601,35412,67013,74,21450,25265,46715,75,21350,25148,46498,76,20862,24861,45723,77,20188,24245,44433,78,17044,21004,38048,79,14890,18963,33853,80,13242,17446,30688,81,12266,16274,28540,82,10706,14850,25556,83,9133,13025,22158,84,8374,12406,20780,85,38526,73600,112126
48,TX,0,189451,181809,371260,1,191720,184529,376249,2,197917,190259,388176,3,205572,196413,401985,4,211587,203690,415277,5,213068,205428,418496,6,211997,202092,414089,7,209084,201234,410318,8,209461,200125,409586,9,213016,203801,416817,10,218832,209972,428804,11,223636,214094,437730,12,229452,218400,447852,13,226692,216277,442969,14,220985,211291,432276,15,218638,209369,428007,16,218275,210171,428446,17,214889,207213,422102,18,209622,198354,407976,19,209858,198323,408181,20,204969,194094,399063,21,201400,191264,392664,22,201064,192133,393197,23,203725,194794,398519,24,206664,196575,403239,25,208174,198335,406509,26,211625,202773,414398,27,215977,207674,423651,28,218064,212780,430844,29,218550,214124,432674,30,216769,212497,429266,31,214642,208245,422887,32,214012,206289,420301,33,213901,206955,420856,34,215372,208234,423606,35,213609,207073,420682,36,211844,205374,417218,37,216279,208232,424511,38,212866,206148,419014,39,210555,205585,416140,40,205802,200952,406754,41,196545,192350,388895,42,193407,190003,383410,43,188985,186763,375748,44,185813,184222,370035,45,185215,183848,369063,46,180744,180733,361477,47,183209,182635,365844,48,188843,187268,376111,49,194973,192224,387197,50,184933,183210,368143,51,175944,174340,350284,52,170027,168242,338269,53,167981,167028,335009,54,168040,167767,335807,55,171957,173751,345708,56,173043,175238,348281,57,172211,175242,347453,58,171397,174437,345834,59,167612,172077,339689,60,163924,168207,332131,61,158730,164368,323098,62,156167,162613,318780,63,148782,157156,305938,64,142438,152466,294904,65,136137,147579,283716,66,128119,141379,269498,67,122395,135905,258300,68,116338,129827,246165,69,107240,122022,229262,70,103246,117937,221183,71,99406,113588,212994,72,98758,112165,210923,73,97878,109770,207648,74,69374,81826,151200,75,67982,80751,148733,76,65257,78422,143679,77,61528,74606,136134,78,52225,64719,116944,79,47154,59484,106638,80,41853,54158,96011,81,38377,50173,88550,82,34418,46313,80731,83,30175,41683,71858,84,27294,38951,66245,85,135076,234320,369396
49,UT,0,24283,23134,47417,1,24197,23020,47217,2,24379,23358,47737,3,25570,24305,49875,4,26260,25013,51273,5,26543,25261,51804,6,26796,25120,51916,7,26729,25524,52253,8,26532,25112,51644,9,27361,25685,53046,10,28350,26738,55088,11,29007,27425,56432,12,29863,27878,57741,13,29836,27511,57347,14,28768,27013,55781,15,28146,26801,54947,16,28237,26961,55198,17,27687,26148,53835,18,26222,24726,50948,19,23874,24856,48730,20,22788,26095,48883,21,25667,25985,51652,22,28892,25835,54727,23,30521,26752,57273,24,29004,25689,54693,25,27056,24762,51818,26,25657,24112,49769,27,25031,23926,48957,28,25262,24553,49815,29,24946,24445,49391,30,23933,23165,47098,31,23643,22300,45943,32,22500,21761,44261,33,21708,21544,43252,34,22228,22063,44291,35,22995,22065,45060,36,23514,22478,45992,37,24375,23241,47616,38,24401,23315,47716,39,24530,23298,47828,40,24308,23127,47435,41,23776,22554,46330,42,23389,22372,45761,43,22379,21054,43433,44,20846,19817,40663,45,19842,18781,38623,46,18879,17780,36659,47,18313,17335,35648,48,18538,17450,35988,49,18913,17850,36763,50,17519,16648,34167,51,16567,15999,32566,52,15808,15016,30824,53,15663,14840,30503,54,15159,14596,29755,55,15408,15130,30538,56,15607,15536,31143,57,15919,15890,31809,58,16082,16197,32279,59,15834,15989,31823,60,15442,15711,31153,61,15256,15734,30990,62,15186,15541,30727,63,14811,15052,29863,64,14244,14591,28835,65,13920,14280,28200,66,13373,13824,27197,67,12712,13344,26056,68,12116,12762,24878,69,10925,11747,22672,70,10554,11441,21995,71,10274,10988,21262,72,10156,10821,20977,73,9917,10521,20438,74,6843,7681,14524,75,6851,7823,14674,76,6867,7858,14725,77,6569,7519,14088,78,5532,6327,11859,79,4975,5718,10693,80,4408,5303,9711,81,4174,4906,9080,82,3779,4436,8215,83,3270,4089,7359,84,3013,3731,6744,85,14701,21026,35727
50,VT,0,2802,2676,5478,1,2894,2775,5669,2,2906,2800,5706,3,3116,2956,6072,4,3136,3073,6209,5,3282,3027,6309,6,3348,3079,6427,7,3299,3073,6372,8,3366,3162,6528,9,3422,3114,6536,10,3536,3190,6726,11,3591,3326,6917,12,3716,3516,7232,13,3786,3549,7335,14,3732,3459,7191,15,3737,3418,7155,16,3904,3536,7440,17,3839,3602,7441,18,4791,4753,9544,19,5936,5552,11488,20,5639,5221,10860,21,5210,5004,10214,22,4538,4494,9032,23,4062,3849,7911,24,3866,3708,7574,25,3951,3730,7681,26,3991,3726,7717,27,3999,3732,7731,28,3922,3774,7696,29,3906,3790,7696,30,3850,3680,7530,31,3770,3665,7435,32,3907,3744,7651,33,3834,3838,7672,34,3797,3830,7627,35,3822,3816,7638,36,3881,3887,7768,37,3912,3960,7872,38,3873,3888,7761,39,3887,3848,7735,40,3791,3877,7668,41,3602,3762,7364,42,3654,3693,7347,43,3518,3557,7075,44,3501,3445,6946,45,3562,3514,7076,46,3603,3493,7096,47,3627,3577,7204,48,3965,3862,7827,49,4300,4321,8621,50,4212,4209,8421,51,4062,4161,8223,52,3993,4106,8099,53,4181,4243,8424,54,4337,4326,8663,55,4530,4627,9157,56,4655,4808,9463,57,4726,4937,9663,58,4918,5159,10077,59,5007,5198,10205,60,4891,4987,9878,61,4987,5096,10083,62,4965,5122,10087,63,4816,5000,9816,64,4739,4846,9585,65,4701,4765,9466,66,4480,4636,9116,67,4308,4570,8878,68,4199,4413,8612,69,3879,4116,7995,70,3740,3942,7682,71,3702,3836,7538,72,3647,3787,7434,73,3568,3744,7312,74,2417,2683,5100,75,2380,2716,5096,76,2411,2611,5022,77,2305,2561,4866,78,1866,2122,3988,79,1672,1936,3608,80,1408,1722,3130,81,1315,1633,2948,82,1223,1488,2711,83,1020,1333,2353,84,946,1239,2185,85,4740,8653,13393
51,VA,0,49915,47724,97639,1,50580,48338,98918,2,51740,49462,101202,3,52258,50024,102282,4,53457,51145,104602,5,53245,51078,104323,6,52936,50260,103196,7,53203,50309,103512,8,53622,50829,104451,9,53920,50923,104843,10,54670,52012,106682,11,55840,53232,109072,12,57819,55202,113021,13,57754,54545,112299,14,56510,53368,109878,15,55761,52932,108693,16,55892,53893,109785,17,54823,53203,108026,18,57154,55836,112990,19,59302,57600,116902,20,59767,56118,115885,21,60246,55481,115727,22,59145,54009,113154,23,57927,54088,112015,24,58414,54845,113259,25,59123,56148,115271,26,59737,57502,117239,27,60285,58152,118437,28,60119,58600,118719,29,60956,59559,120515,30,60307,59567,119874,31,59598,59130,118728,32,59473,58946,118419,33,59521,58756,118277,34,60467,59500,119967,35,59598,58966,118564,36,59407,58631,118038,37,60767,59648,120415,38,59919,58869,118788,39,59548,58695,118243,40,58059,57882,115941,41,55907,55859,111766,42,54853,55148,110001,43,52960,53734,106694,44,52014,52398,104412,45,52638,52466,105104,46,52378,51689,104067,47,53200,53549,106749,48,56346,56680,113026,49,59288,59509,118797,50,56982,57314,114296,51,55078,56020,111098,52,53951,55239,109190,53,54659,56103,110762,54,55779,57174,112953,55,57846,60193,118039,56,59023,60919,119942,57,58535,60419,118954,58,58401,59990,118391,59,57217,59169,116386,60,55160,58093,113253,61,53805,57411,111216,62,53249,56471,109720,63,50797,54288,105085,64,48562,53049,101611,65,46919,51405,98324,66,44801,49434,94235,67,42857,47609,90466,68,40998,45976,86974,69,38014,43434,81448,70,37155,42656,79811,71,36347,41891,78238,72,36561,42308,78869,73,36414,41635,78049,74,25583,30148,55731,75,25006,29981,54987,76,24553,29669,54222,77,23769,29010,52779,78,19954,24834,44788,79,17541,22407,39948,80,15742,20309,36051,81,14634,18995,33629,82,12980,17421,30401,83,11256,15717,26973,84,9998,14469,24467,85,50312,91388,141700
53,WA,0,44003,42059,86062,1,44150,42571,86721,2,45882,43492,89374,3,47850,45413,93263,4,49025,46204,95229,5,48833,46371,95204,6,48461,45756,94217,7,48356,46145,94501,8,48195,46008,94203,9,48553,46249,94802,10,49600,47353,96953,11,50679,48127,98806,12,51601,48918,100519,13,50667,47930,98597,14,48979,46308,95287,15,47931,45839,93770,16,47875,46077,93952,17,46922,45539,92461,18,45606,43476,89082,19,45690,43320,89010,20,47262,43324,90586,21,47997,43589,91586,22,49389,45468,94857,23,51656,47578,99234,24,53832,49075,102907,25,55876,51190,107066,26,57759,53492,111251,27,59898,55369,115267,28,62656,58059,120715,29,64656,59694,124350,30,64558,59455,124013,31,62488,58191,120679,32,60687,56831,117518,33,59854,56076,115930,34,60223,56803,117026,35,59739,55980,115719,36,59059,55222,114281,37,58921,55535,114456,38,58261,55058,113319,39,57125,53693,110818,40,54975,52056,107031,41,52230,49643,101873,42,50526,48813,99339,43,49014,47040,96054,44,47561,45782,93343,45,47171,45317,92488,46,45666,43858,89524,47,45676,44425,90101,48,48517,46444,94961,49,52155,49506,101661,50,50612,48354,98966,51,48967,46732,95699,52,46285,44712,90997,53,45625,44613,90238,54,45731,44880,90611,55,47549,47300,94849,56,48931,48691,97622,57,49524,49447,98971,58,49919,49915,99834,59,49357,49888,99245,60,48566,49103,97669,61,47690,48881,96571,62,47672,49072,96744,63,46354,47893,94247,64,44841,47386,92227,65,43704,46698,90402,66,42123,45493,87616,67,40750,44038,84788,68,38977,42352,81329,69,35657,39528,75185,70,34721,38213,72934,71,33608,37076,70684,72,33237,37010,70247,73,33154,36234,69388,74,22938,25962,48900,75,22760,25752,48512,76,22092,25171,47263,77,20921,23898,44819,78,17642,20087,37729,79,15389,17852,33241,80,13580,16179,29759,81,12382,15261,27643,82,11260,14048,25308,83,9737,12674,22411,84,8728,11549,20277,85,45200,77190,122390
54,WV,0,8964,8500,17464,1,9234,8658,17892,2,9443,8911,18354,3,9581,9184,18765,4,9812,9364,19176,5,10070,9757,19827,6,10297,9779,20076,7,10388,9901,20289,8,10434,9734,20168,9,10356,9762,20118,10,10525,10091,20616,11,10997,10369,21366,12,11344,10658,22002,13,11271,10554,21825,14,11053,10310,21363,15,11018,10287,21305,16,11136,10545,21681,17,11081,10481,21562,18,11299,10242,21541,19,11465,10323,21788,20,11492,10680,22172,21,11317,11077,22394,22,11486,10704,22190,23,11173,10637,21810,24,10958,10410,21368,25,10986,10094,21080,26,10845,10064,20909,27,11051,10285,21336,28,11364,10884,22248,29,11653,11130,22783,30,11170,10945,22115,31,10816,10208,21024,32,10461,9905,20366,33,10403,9919,20322,34,10516,9860,20376,35,10313,9768,20081,36,10426,9950,20376,37,10905,10629,21534,38,10932,10648,21580,39,11236,10896,22132,40,11372,11169,22541,41,11208,10869,22077,42,11169,11053,22222,43,10859,10831,21690,44,10766,10425,21191,45,11030,10627,21657,46,10839,10542,21381,47,11321,11007,22328,48,12038,11642,23680,49,12723,12159,24882,50,11954,11653,23607,51,11620,11332,22952,52,11522,11123,22645,53,11638,11446,23084,54,11893,11552,23445,55,12360,12268,24628,56,12301,12660,24961,57,12194,12600,24794,58,12399,12830,25229,59,12501,12979,25480,60,12573,13057,25630,61,12885,13394,26279,62,13176,13468,26644,63,12755,13142,25897,64,12169,13002,25171,65,12184,12898,25082,66,11939,12519,24458,67,11584,12555,24139,68,11541,12378,23919,69,10800,11651,22451,70,10611,11516,22127,71,10509,11402,21911,72,10385,11117,21502,73,10251,10864,21115,74,6797,7524,14321,75,6765,7525,14290,76,6594,7375,13969,77,6414,7352,13766,78,5408,6424,11832,79,4919,5903,10822,80,4236,5398,9634,81,4097,5182,9279,82,3740,4820,8560,83,3204,4405,7609,84,2870,3945,6815,85,13042,23604,36646
55,WI,0,32233,30810,63043,1,32828,31398,64226,2,33481,31959,65440,3,34488,33112,67600,4,35205,33620,68825,5,35523,33825,69348,6,35421,33564,68985,7,35372,34138,69510,8,35943,34047,69990,9,36485,34440,70925,10,38273,36267,74540,11,39093,37069,76162,12,40294,38131,78425,13,40189,38267,78456,14,39538,37449,76987,15,39136,37218,76354,16,39695,37760,77455,17,39097,37080,76177,18,38999,37512,76511,19,41075,40138,81213,20,40404,40133,80537,21,39754,39768,79522,22,39844,38966,78810,23,39383,37488,76871,24,38570,35853,74423,25,38147,35757,73904,26,38757,36830,75587,27,38975,37155,76130,28,38564,36954,75518,29,37583,36021,73604,30,37243,35345,72588,31,36795,34702,71497,32,36700,34936,71636,33,37281,35644,72925,34,38395,36986,75381,35,38742,37442,76184,36,38119,37252,75371,37,39140,37765,76905,38,39124,37517,76641,39,39305,37503,76808,40,38465,36928,75393,41,37152,35477,72629,42,36157,34734,70891,43,34856,33652,68508,44,33953,32560,66513,45,34173,32572,66745,46,32845,31826,64671,47,33465,32398,65863,48,35937,34573,70510,49,38962,37357,76319,50,37765,36256,74021,51,37258,35861,73119,52,37066,35833,72899,53,38327,37634,75961,54,39239,38823,78062,55,41164,40928,82092,56,42251,41939,84190,57,42497,42575,85072,58,43711,43701,87412,59,43553,43747,87300,60,42642,42651,85293,61,42346,42220,84566,62,41704,41845,83549,63,40047,40218,80265,64,38671,38835,77506,65,37712,38159,75871,66,36079,36903,72982,67,34659,35548,70207,68,34007,34661,68668,69,30718,31898,62616,70,29191,30758,59949,71,27927,29527,57454,72,27390,29049,56439,73,26971,28243,55214,74,18441,20261,38702,75,18176,20171,38347,76,17879,20286,38165,77,17349,20318,37667,78,14741,17601,32342,79,12910,15698,28608,80,11476,14306,25782,81,11056,14057,25113,82,10118,13165,23283,83,8952,11931,20883,84,8184,11154,19338,85,40919,74806,115725
56,WY,0,3196,3032,6228,1,3262,3082,6344,2,3407,3297,6704,3,3577,3376,6953,4,3814,3518,7332,5,3796,3495,7291,6,3713,3563,7276,7,3802,3514,7316,8,3867,3493,7360,9,3850,3639,7489,10,4006,3928,7934,11,4192,3939,8131,12,4287,4043,8330,13,4314,3994,8308,14,4119,3874,7993,15,3970,3833,7803,16,3949,3661,7610,17,3875,3571,7446,18,3659,3364,7023,19,3894,3457,7351,20,3985,3516,7501,21,4131,3505,7636,22,4095,3595,7690,23,3883,3511,7394,24,3752,3415,7167,25,3599,3291,6890,26,3711,3381,7092,27,3674,3550,7224,28,3862,3717,7579,29,3998,3681,7679,30,4013,3698,7711,31,3952,3547,7499,32,3905,3531,7436,33,3993,3658,7651,34,4093,3795,7888,35,4056,3829,7885,36,4178,3808,7986,37,4222,3891,8113,38,4116,3775,7891,39,4079,3744,7823,40,4048,3770,7818,41,3880,3527,7407,42,3751,3365,7116,43,3539,3251,6790,44,3445,3120,6565,45,3458,3073,6531,46,3316,3002,6318,47,3236,3004,6240,48,3364,3120,6484,49,3633,3255,6888,50,3516,3154,6670,51,3217,3029,6246,52,3131,2955,6086,53,3201,2989,6190,54,3298,3075,6373,55,3448,3328,6776,56,3628,3590,7218,57,3750,3710,7460,58,3946,3822,7768,59,4062,4005,8067,60,4114,4007,8121,61,4085,3994,8079,62,4157,3964,8121,63,4070,4019,8089,64,4036,3979,8015,65,3938,3845,7783,66,3858,3656,7514,67,3739,3480,7219,68,3472,3286,6758,69,3133,3108,6241,70,3059,2933,5992,71,2961,2792,5753,72,2852,2842,5694,73,2869,2696,5565,74,1894,1936,3830,75,1872,1975,3847,76,1846,1907,3753,77,1773,1812,3585,78,1457,1574,3031,79,1267,1397,2664,80,1162,1303,2465,81,1090,1208,2298,82,942,1117,2059,83,853,1019,1872,84,740,927,1667,85,3739,6129,9868
